feature,object,selected,excluded_by
cell_AngularSecondMoment_3_01_256,cell,True,
cell_Compactness,cell,True,
cell_Contrast_3_02_256,cell,True,
cell_Correlation_3_01_256,cell,True,
cell_DifferenceEntropy_3_02_256,cell,True,
cell_DifferenceVariance_3_02_256,cell,True,
cell_FormFactor,cell,True,
cell_Granularity_1,cell,True,
cell_Granularity_2,cell,True,
cell_Granularity_3,cell,True,
cell_Granularity_4,cell,True,
cell_Granularity_5,cell,True,
cell_HuMoment_1,cell,True,
cell_InfoMeas1_3_01_256,cell,True,
cell_InfoMeas2_3_01_256,cell,True,
cell_Intensity_IntegratedIntensityEdge,cell,True,
cell_Intensity_MADIntensity,cell,True,
cell_Intensity_MaxIntensityEdge,cell,True,
cell_Intensity_MeanIntensityEdge,cell,True,
cell_Intensity_MinIntensityEdge,cell,True,
cell_Intensity_StdIntensityEdge,cell,True,
cell_RadialDistribution_FracAtD_1of4,cell,True,
cell_RadialDistribution_FracAtD_3of4,cell,True,
cell_RadialDistribution_FracAtD_4of4,cell,True,
cell_RadialDistribution_MeanFrac_1of4,cell,True,
cell_RadialDistribution_MeanFrac_2of4,cell,True,
cell_RadialDistribution_MeanFrac_3of4,cell,True,
cell_RadialDistribution_MeanFrac_4of4,cell,True,
cell_RadialDistribution_RadialCV_1of4,cell,True,
cell_RadialDistribution_RadialCV_2of4,cell,True,
cell_RadialDistribution_RadialCV_3of4,cell,True,
cell_RadialDistribution_RadialCV_4of4,cell,True,
cell_RadialDistribution_ZernikeMagnitude_1_1,cell,True,
cell_RadialDistribution_ZernikeMagnitude_2_0,cell,True,
cell_RadialDistribution_ZernikeMagnitude_2_2,cell,True,
cell_RadialDistribution_ZernikeMagnitude_3_1,cell,True,
cell_RadialDistribution_ZernikeMagnitude_3_3,cell,True,
cell_RadialDistribution_ZernikeMagnitude_4_0,cell,True,
cell_RadialDistribution_ZernikeMagnitude_5_1,cell,True,
cell_RadialDistribution_ZernikeMagnitude_5_3,cell,True,
cell_RadialDistribution_ZernikeMagnitude_5_5,cell,True,
cell_RadialDistribution_ZernikeMagnitude_6_0,cell,True,
cell_RadialDistribution_ZernikeMagnitude_6_4,cell,True,
cell_RadialDistribution_ZernikeMagnitude_7_1,cell,True,
cell_RadialDistribution_ZernikeMagnitude_7_3,cell,True,
cell_RadialDistribution_ZernikeMagnitude_7_5,cell,True,
cell_RadialDistribution_ZernikeMagnitude_7_7,cell,True,
cell_RadialDistribution_ZernikeMagnitude_8_0,cell,True,
cell_RadialDistribution_ZernikeMagnitude_8_2,cell,True,
cell_RadialDistribution_ZernikeMagnitude_8_4,cell,True,
cell_RadialDistribution_ZernikeMagnitude_8_6,cell,True,
cell_RadialDistribution_ZernikeMagnitude_8_8,cell,True,
cell_RadialDistribution_ZernikeMagnitude_9_1,cell,True,
cell_RadialDistribution_ZernikeMagnitude_9_3,cell,True,
cell_RadialDistribution_ZernikeMagnitude_9_5,cell,True,
cell_RadialDistribution_ZernikeMagnitude_9_7,cell,True,
cell_RadialDistribution_ZernikeMagnitude_9_9,cell,True,
cell_Solidity,cell,True,
cell_Variance_3_01_256,cell,True,
cell_Zernike_1_1,cell,True,
cell_Zernike_2_0,cell,True,
cell_Zernike_3_1,cell,True,
cell_Zernike_3_3,cell,True,
cell_Zernike_4_0,cell,True,
cell_Zernike_4_2,cell,True,
cell_Zernike_5_1,cell,True,
cell_Zernike_5_3,cell,True,
cell_Zernike_5_5,cell,True,
cell_Zernike_6_0,cell,True,
cell_Zernike_6_2,cell,True,
cell_Zernike_7_1,cell,True,
cell_Zernike_7_3,cell,True,
cell_Zernike_7_7,cell,True,
cell_Zernike_8_0,cell,True,
cell_Zernike_8_2,cell,True,
cell_Zernike_8_4,cell,True,
cell_Zernike_8_8,cell,True,
cell_Zernike_9_1,cell,True,
cell_Zernike_9_3,cell,True,
cell_Zernike_9_5,cell,True,
cell_Zernike_9_9,cell,True,
cytoplasm_Compactness,cytoplasm,True,
cytoplasm_Eccentricity,cytoplasm,True,
cytoplasm_EulerNumber,cytoplasm,True,
cytoplasm_FormFactor,cytoplasm,True,
cytoplasm_InertiaTensorEigenvalues_0,cytoplasm,True,
cytoplasm_Intensity_LowerQuartileIntensity,cytoplasm,True,
cytoplasm_Intensity_MADIntensity,cytoplasm,True,
cytoplasm_Intensity_MassDisplacement,cytoplasm,True,
cytoplasm_Intensity_MeanIntensityEdge,cytoplasm,True,
cytoplasm_Intensity_StdIntensity,cytoplasm,True,
cytoplasm_Intensity_StdIntensityEdge,cytoplasm,True,
cytoplasm_MaximumRadius_um,cytoplasm,True,
cytoplasm_Solidity,cytoplasm,True,
cytoplasm_Zernike_2_0,cytoplasm,True,
cytoplasm_Zernike_2_2,cytoplasm,True,
cytoplasm_Zernike_3_1,cytoplasm,True,
cytoplasm_Zernike_4_0,cytoplasm,True,
cytoplasm_Zernike_4_2,cytoplasm,True,
cytoplasm_Zernike_4_4,cytoplasm,True,
cytoplasm_Zernike_5_1,cytoplasm,True,
cytoplasm_Zernike_5_3,cytoplasm,True,
cytoplasm_Zernike_6_0,cytoplasm,True,
cytoplasm_Zernike_6_2,cytoplasm,True,
cytoplasm_Zernike_6_4,cytoplasm,True,
cytoplasm_Zernike_6_6,cytoplasm,True,
cytoplasm_Zernike_7_1,cytoplasm,True,
cytoplasm_Zernike_7_3,cytoplasm,True,
cytoplasm_Zernike_7_5,cytoplasm,True,
cytoplasm_Zernike_8_0,cytoplasm,True,
cytoplasm_Zernike_8_2,cytoplasm,True,
cytoplasm_Zernike_8_4,cytoplasm,True,
cytoplasm_Zernike_8_6,cytoplasm,True,
cytoplasm_Zernike_9_1,cytoplasm,True,
cytoplasm_Zernike_9_3,cytoplasm,True,
cytoplasm_Zernike_9_5,cytoplasm,True,
cytoplasm_Zernike_9_7,cytoplasm,True,
lipid_Intensity_MADIntensity,lipid,True,
lipid_Intensity_MassDisplacement,lipid,True,
lipid_Intensity_MinIntensity,lipid,True,
lipid_Intensity_UpperQuartileIntensity,lipid,True,
lipid_count,lipid,True,
nucleoli_Intensity_IntegratedIntensity,nucleoli,True,
nucleoli_Intensity_IntegratedIntensityEdge,nucleoli,True,
nucleoli_Intensity_MADIntensity,nucleoli,True,
nucleoli_Intensity_MassDisplacement,nucleoli,True,
nucleoli_Intensity_MaxIntensityEdge,nucleoli,True,
nucleoli_Intensity_StdIntensityEdge,nucleoli,True,
nucleoli_Intensity_UpperQuartileIntensity,nucleoli,True,
nucleolus_to_nucleus_area_ratio,nucleolus,True,
nucleoplasm_Compactness,nucleoplasm,True,
nucleoplasm_EulerNumber,nucleoplasm,True,
nucleoplasm_FormFactor,nucleoplasm,True,
nucleoplasm_HuMoment_0,nucleoplasm,True,
nucleoplasm_HuMoment_1,nucleoplasm,True,
nucleoplasm_Intensity_IntegratedIntensity,nucleoplasm,True,
nucleoplasm_Intensity_IntegratedIntensityEdge,nucleoplasm,True,
nucleoplasm_Intensity_MADIntensity,nucleoplasm,True,correlation_threshold
nucleoplasm_Intensity_MaxIntensity,nucleoplasm,True,
nucleoplasm_Intensity_StdIntensity,nucleoplasm,True,
nucleoplasm_MaximumRadius_um,nucleoplasm,True,
nucleoplasm_Solidity,nucleoplasm,True,
nucleoplasm_Zernike_0_0,nucleoplasm,True,
nucleoplasm_Zernike_1_1,nucleoplasm,True,
nucleoplasm_Zernike_2_0,nucleoplasm,True,
nucleoplasm_Zernike_2_2,nucleoplasm,True,
nucleoplasm_Zernike_3_1,nucleoplasm,True,
nucleoplasm_Zernike_3_3,nucleoplasm,True,
nucleoplasm_Zernike_4_0,nucleoplasm,True,
nucleoplasm_Zernike_4_2,nucleoplasm,True,
nucleoplasm_Zernike_4_4,nucleoplasm,True,
nucleoplasm_Zernike_5_1,nucleoplasm,True,
nucleoplasm_Zernike_5_3,nucleoplasm,True,
nucleoplasm_Zernike_5_5,nucleoplasm,True,
nucleoplasm_Zernike_6_0,nucleoplasm,True,
nucleoplasm_Zernike_6_2,nucleoplasm,True,
nucleoplasm_Zernike_6_4,nucleoplasm,True,
nucleoplasm_Zernike_6_6,nucleoplasm,True,
nucleoplasm_Zernike_7_1,nucleoplasm,True,
nucleoplasm_Zernike_7_3,nucleoplasm,True,
nucleoplasm_Zernike_7_5,nucleoplasm,True,
nucleoplasm_Zernike_7_7,nucleoplasm,True,
nucleoplasm_Zernike_8_0,nucleoplasm,True,
nucleoplasm_Zernike_8_2,nucleoplasm,True,
nucleoplasm_Zernike_8_4,nucleoplasm,True,
nucleoplasm_Zernike_8_6,nucleoplasm,True,
nucleoplasm_Zernike_8_8,nucleoplasm,True,
nucleoplasm_Zernike_9_1,nucleoplasm,True,
nucleoplasm_Zernike_9_3,nucleoplasm,True,
nucleoplasm_Zernike_9_5,nucleoplasm,True,
nucleoplasm_Zernike_9_7,nucleoplasm,True,
nucleoplasm_Zernike_9_9,nucleoplasm,True,
nucleus_Compactness,nucleus,True,
nucleus_FormFactor,nucleus,True,
nucleus_InertiaTensorEigenvalues_0,nucleus,True,
nucleus_Intensity_MassDisplacement,nucleus,True,
nucleus_Intensity_MaxIntensity,nucleus,True,
nucleus_Intensity_MaxIntensityEdge,nucleus,True,
nucleus_Intensity_MeanIntensityEdge,nucleus,True,
nucleus_Intensity_MinIntensityEdge,nucleus,True,
nucleus_Intensity_StdIntensity,nucleus,True,
nucleus_Intensity_StdIntensityEdge,nucleus,True,
nucleus_Solidity,nucleus,True,
nucleus_Zernike_2_0,nucleus,True,
nucleus_Zernike_3_1,nucleus,True,
nucleus_Zernike_4_0,nucleus,True,
nucleus_Zernike_4_2,nucleus,True,
nucleus_Zernike_5_1,nucleus,True,
nucleus_Zernike_5_3,nucleus,True,
nucleus_Zernike_6_0,nucleus,True,
nucleus_Zernike_6_2,nucleus,True,
nucleus_Zernike_6_4,nucleus,True,
nucleus_Zernike_7_1,nucleus,True,
nucleus_Zernike_7_3,nucleus,True,
nucleus_Zernike_7_5,nucleus,True,
nucleus_Zernike_8_0,nucleus,True,
nucleus_Zernike_8_2,nucleus,True,
nucleus_Zernike_8_4,nucleus,True,
nucleus_Zernike_8_6,nucleus,True,
nucleus_Zernike_9_1,nucleus,True,
nucleus_Zernike_9_3,nucleus,True,
nucleus_Zernike_9_5,nucleus,True,
nucleus_Zernike_9_7,nucleus,True,
nucleus_to_cell_area_ratio,nucleus,True,
cell_AngularSecondMoment_3_00_256,cell,False,correlation_threshold
cell_AngularSecondMoment_3_02_256,cell,False,correlation_threshold
cell_AngularSecondMoment_3_03_256,cell,False,correlation_threshold
cell_Area,cell,False,exact_duplicate_of:cell_Area_um2
cell_Area_um2,cell,False,correlation_threshold
cell_BoundingBoxArea,cell,False,rotation_sensitive:bounding_box_dependent
cell_BoundingBoxArea_um2,cell,False,rotation_sensitive:bounding_box_dependent
cell_BoundingBoxMaximum_X,cell,False,rotation_sensitive:position
cell_BoundingBoxMaximum_Y,cell,False,rotation_sensitive:position
cell_BoundingBoxMinimum_X,cell,False,rotation_sensitive:position
cell_BoundingBoxMinimum_Y,cell,False,rotation_sensitive:position
cell_Center_X,cell,False,rotation_sensitive:position
cell_Center_Y,cell,False,rotation_sensitive:position
cell_CentralMoment_0_0,cell,False,exact_duplicate_of:cell_Area_um2
cell_CentralMoment_0_1,cell,False,rotation_sensitive:raw_moment
cell_CentralMoment_0_2,cell,False,rotation_sensitive:raw_moment
cell_CentralMoment_0_3,cell,False,rotation_sensitive:raw_moment
cell_CentralMoment_1_0,cell,False,rotation_sensitive:raw_moment
cell_CentralMoment_1_1,cell,False,rotation_sensitive:raw_moment
cell_CentralMoment_1_2,cell,False,rotation_sensitive:raw_moment
cell_CentralMoment_1_3,cell,False,rotation_sensitive:raw_moment
cell_CentralMoment_2_0,cell,False,rotation_sensitive:raw_moment
cell_CentralMoment_2_1,cell,False,rotation_sensitive:raw_moment
cell_CentralMoment_2_2,cell,False,rotation_sensitive:raw_moment
cell_CentralMoment_2_3,cell,False,rotation_sensitive:raw_moment
cell_Contrast_3_00_256,cell,False,correlation_threshold
cell_Contrast_3_01_256,cell,False,correlation_threshold
cell_Contrast_3_03_256,cell,False,correlation_threshold
cell_ConvexArea,cell,False,exact_duplicate_of:cell_ConvexArea_um2
cell_ConvexArea_um2,cell,False,correlation_threshold
cell_Correlation_3_00_256,cell,False,correlation_threshold
cell_Correlation_3_02_256,cell,False,correlation_threshold
cell_Correlation_3_03_256,cell,False,correlation_threshold
cell_DifferenceEntropy_3_00_256,cell,False,correlation_threshold
cell_DifferenceEntropy_3_01_256,cell,False,correlation_threshold
cell_DifferenceEntropy_3_03_256,cell,False,correlation_threshold
cell_DifferenceVariance_3_00_256,cell,False,correlation_threshold
cell_DifferenceVariance_3_01_256,cell,False,correlation_threshold
cell_DifferenceVariance_3_03_256,cell,False,correlation_threshold
cell_Eccentricity,cell,False,correlation_threshold
cell_Entropy_3_00_256,cell,False,correlation_threshold
cell_Entropy_3_01_256,cell,False,correlation_threshold
cell_Entropy_3_02_256,cell,False,correlation_threshold
cell_Entropy_3_03_256,cell,False,correlation_threshold
cell_EquivalentDiameter,cell,False,exact_duplicate_of:cell_EquivalentDiameter_um
cell_EquivalentDiameter_um,cell,False,correlation_threshold
cell_EulerNumber,cell,False,drop_na_columns
cell_Extent,cell,False,rotation_sensitive:bounding_box_dependent
cell_FilledArea,cell,False,exact_duplicate_of:cell_FilledArea_um2
cell_FilledArea_um2,cell,False,correlation_threshold
cell_Granularity_10,cell,False,variance_threshold
cell_Granularity_11,cell,False,variance_threshold
cell_Granularity_12,cell,False,variance_threshold
cell_Granularity_13,cell,False,variance_threshold
cell_Granularity_14,cell,False,variance_threshold
cell_Granularity_15,cell,False,variance_threshold
cell_Granularity_16,cell,False,variance_threshold
cell_Granularity_6,cell,False,variance_threshold
cell_Granularity_7,cell,False,variance_threshold
cell_Granularity_8,cell,False,variance_threshold
cell_Granularity_9,cell,False,variance_threshold
cell_HuMoment_0,cell,False,correlation_threshold
cell_HuMoment_2,cell,False,correlation_threshold
cell_HuMoment_3,cell,False,correlation_threshold
cell_HuMoment_4,cell,False,drop_outliers/other
cell_HuMoment_5,cell,False,correlation_threshold
cell_HuMoment_6,cell,False,drop_outliers/other
cell_InertiaTensorEigenvalues_0,cell,False,correlation_threshold
cell_InertiaTensorEigenvalues_1,cell,False,correlation_threshold
cell_InertiaTensor_0_0,cell,False,rotation_sensitive:inertia_tensor_entry
cell_InertiaTensor_0_1,cell,False,rotation_sensitive:inertia_tensor_entry
cell_InertiaTensor_1_0,cell,False,rotation_sensitive:inertia_tensor_entry
cell_InertiaTensor_1_1,cell,False,rotation_sensitive:inertia_tensor_entry
cell_InfoMeas1_3_00_256,cell,False,correlation_threshold
cell_InfoMeas1_3_02_256,cell,False,correlation_threshold
cell_InfoMeas1_3_03_256,cell,False,correlation_threshold
cell_InfoMeas2_3_00_256,cell,False,correlation_threshold
cell_InfoMeas2_3_02_256,cell,False,correlation_threshold
cell_InfoMeas2_3_03_256,cell,False,correlation_threshold
cell_Intensity_IntegratedIntensity,cell,False,correlation_threshold
cell_Intensity_LowerQuartileIntensity,cell,False,correlation_threshold
cell_Intensity_MassDisplacement,cell,False,correlation_threshold
cell_Intensity_MaxIntensity,cell,False,drop_na_columns
cell_Intensity_MeanIntensity,cell,False,correlation_threshold
cell_Intensity_MedianIntensity,cell,False,correlation_threshold
cell_Intensity_MinIntensity,cell,False,correlation_threshold
cell_Intensity_StdIntensity,cell,False,correlation_threshold
cell_Intensity_UpperQuartileIntensity,cell,False,correlation_threshold
cell_InverseDifferenceMoment_3_00_256,cell,False,correlation_threshold
cell_InverseDifferenceMoment_3_01_256,cell,False,correlation_threshold
cell_InverseDifferenceMoment_3_02_256,cell,False,correlation_threshold
cell_InverseDifferenceMoment_3_03_256,cell,False,correlation_threshold
cell_Location_CenterMassIntensity_X,cell,False,rotation_sensitive:position
cell_Location_CenterMassIntensity_Y,cell,False,rotation_sensitive:position
cell_Location_CenterMassIntensity_Z,cell,False,rotation_sensitive:position
cell_Location_MaxIntensity_X,cell,False,rotation_sensitive:position
cell_Location_MaxIntensity_Y,cell,False,rotation_sensitive:position
cell_Location_MaxIntensity_Z,cell,False,rotation_sensitive:position
cell_MajorAxisLength,cell,False,exact_duplicate_of:cell_MajorAxisLength_um
cell_MajorAxisLength_um,cell,False,correlation_threshold
cell_MaxFeretDiameter,cell,False,exact_duplicate_of:cell_MaxFeretDiameter_um
cell_MaxFeretDiameter_um,cell,False,correlation_threshold
cell_MaximumRadius,cell,False,exact_duplicate_of:cell_MaximumRadius_um
cell_MaximumRadius_um,cell,False,correlation_threshold
cell_MeanRadius,cell,False,exact_duplicate_of:cell_MeanRadius_um
cell_MeanRadius_um,cell,False,correlation_threshold
cell_MedianRadius,cell,False,exact_duplicate_of:cell_MedianRadius_um
cell_MedianRadius_um,cell,False,correlation_threshold
cell_MinFeretDiameter,cell,False,exact_duplicate_of:cell_MinFeretDiameter_um
cell_MinFeretDiameter_um,cell,False,correlation_threshold
cell_MinorAxisLength,cell,False,exact_duplicate_of:cell_MinorAxisLength_um
cell_MinorAxisLength_um,cell,False,correlation_threshold
cell_NormalizedMoment_0_0,cell,False,drop_na_columns
cell_NormalizedMoment_0_1,cell,False,rotation_sensitive:raw_moment
cell_NormalizedMoment_0_2,cell,False,rotation_sensitive:raw_moment
cell_NormalizedMoment_0_3,cell,False,rotation_sensitive:raw_moment
cell_NormalizedMoment_1_0,cell,False,rotation_sensitive:raw_moment
cell_NormalizedMoment_1_1,cell,False,rotation_sensitive:raw_moment
cell_NormalizedMoment_1_2,cell,False,rotation_sensitive:raw_moment
cell_NormalizedMoment_1_3,cell,False,rotation_sensitive:raw_moment
cell_NormalizedMoment_2_0,cell,False,rotation_sensitive:raw_moment
cell_NormalizedMoment_2_1,cell,False,rotation_sensitive:raw_moment
cell_NormalizedMoment_2_2,cell,False,rotation_sensitive:raw_moment
cell_NormalizedMoment_2_3,cell,False,rotation_sensitive:raw_moment
cell_NormalizedMoment_3_0,cell,False,rotation_sensitive:raw_moment
cell_NormalizedMoment_3_1,cell,False,rotation_sensitive:raw_moment
cell_NormalizedMoment_3_2,cell,False,rotation_sensitive:raw_moment
cell_NormalizedMoment_3_3,cell,False,rotation_sensitive:raw_moment
cell_Orientation,cell,False,rotation_sensitive:orientation
cell_Perimeter,cell,False,exact_duplicate_of:cell_Perimeter_um
cell_PerimeterCrofton,cell,False,exact_duplicate_of:cell_PerimeterCrofton_um
cell_PerimeterCrofton_um,cell,False,correlation_threshold
cell_Perimeter_um,cell,False,correlation_threshold
cell_RadialDistribution_FracAtD_2of4,cell,False,correlation_threshold
cell_RadialDistribution_ZernikeMagnitude_0_0,cell,False,correlation_threshold
cell_RadialDistribution_ZernikeMagnitude_4_2,cell,False,correlation_threshold
cell_RadialDistribution_ZernikeMagnitude_4_4,cell,False,correlation_threshold
cell_RadialDistribution_ZernikeMagnitude_6_2,cell,False,correlation_threshold
cell_RadialDistribution_ZernikeMagnitude_6_6,cell,False,correlation_threshold
cell_RadialDistribution_ZernikePhase_0_0,cell,False,rotation_sensitive:zernike_phase
cell_RadialDistribution_ZernikePhase_1_1,cell,False,rotation_sensitive:zernike_phase
cell_RadialDistribution_ZernikePhase_2_0,cell,False,rotation_sensitive:zernike_phase
cell_RadialDistribution_ZernikePhase_2_2,cell,False,rotation_sensitive:zernike_phase
cell_RadialDistribution_ZernikePhase_3_1,cell,False,rotation_sensitive:zernike_phase
cell_RadialDistribution_ZernikePhase_3_3,cell,False,rotation_sensitive:zernike_phase
cell_RadialDistribution_ZernikePhase_4_0,cell,False,rotation_sensitive:zernike_phase
cell_RadialDistribution_ZernikePhase_4_2,cell,False,rotation_sensitive:zernike_phase
cell_RadialDistribution_ZernikePhase_4_4,cell,False,rotation_sensitive:zernike_phase
cell_RadialDistribution_ZernikePhase_5_1,cell,False,rotation_sensitive:zernike_phase
cell_RadialDistribution_ZernikePhase_5_3,cell,False,rotation_sensitive:zernike_phase
cell_RadialDistribution_ZernikePhase_5_5,cell,False,rotation_sensitive:zernike_phase
cell_RadialDistribution_ZernikePhase_6_0,cell,False,rotation_sensitive:zernike_phase
cell_RadialDistribution_ZernikePhase_6_2,cell,False,rotation_sensitive:zernike_phase
cell_RadialDistribution_ZernikePhase_6_4,cell,False,rotation_sensitive:zernike_phase
cell_RadialDistribution_ZernikePhase_6_6,cell,False,rotation_sensitive:zernike_phase
cell_RadialDistribution_ZernikePhase_7_1,cell,False,rotation_sensitive:zernike_phase
cell_RadialDistribution_ZernikePhase_7_3,cell,False,rotation_sensitive:zernike_phase
cell_RadialDistribution_ZernikePhase_7_5,cell,False,rotation_sensitive:zernike_phase
cell_RadialDistribution_ZernikePhase_7_7,cell,False,rotation_sensitive:zernike_phase
cell_RadialDistribution_ZernikePhase_8_0,cell,False,rotation_sensitive:zernike_phase
cell_RadialDistribution_ZernikePhase_8_2,cell,False,rotation_sensitive:zernike_phase
cell_RadialDistribution_ZernikePhase_8_4,cell,False,rotation_sensitive:zernike_phase
cell_RadialDistribution_ZernikePhase_8_6,cell,False,rotation_sensitive:zernike_phase
cell_RadialDistribution_ZernikePhase_8_8,cell,False,rotation_sensitive:zernike_phase
cell_RadialDistribution_ZernikePhase_9_1,cell,False,rotation_sensitive:zernike_phase
cell_RadialDistribution_ZernikePhase_9_3,cell,False,rotation_sensitive:zernike_phase
cell_RadialDistribution_ZernikePhase_9_5,cell,False,rotation_sensitive:zernike_phase
cell_RadialDistribution_ZernikePhase_9_7,cell,False,rotation_sensitive:zernike_phase
cell_RadialDistribution_ZernikePhase_9_9,cell,False,rotation_sensitive:zernike_phase
cell_SpatialMoment_0_0,cell,False,exact_duplicate_of:cell_Area_um2
cell_SpatialMoment_0_1,cell,False,rotation_sensitive:raw_moment
cell_SpatialMoment_0_2,cell,False,rotation_sensitive:raw_moment
cell_SpatialMoment_0_3,cell,False,rotation_sensitive:raw_moment
cell_SpatialMoment_1_0,cell,False,rotation_sensitive:raw_moment
cell_SpatialMoment_1_1,cell,False,rotation_sensitive:raw_moment
cell_SpatialMoment_1_2,cell,False,rotation_sensitive:raw_moment
cell_SpatialMoment_1_3,cell,False,rotation_sensitive:raw_moment
cell_SpatialMoment_2_0,cell,False,rotation_sensitive:raw_moment
cell_SpatialMoment_2_1,cell,False,rotation_sensitive:raw_moment
cell_SpatialMoment_2_2,cell,False,rotation_sensitive:raw_moment
cell_SpatialMoment_2_3,cell,False,rotation_sensitive:raw_moment
cell_SumAverage_3_00_256,cell,False,correlation_threshold
cell_SumAverage_3_01_256,cell,False,correlation_threshold
cell_SumAverage_3_02_256,cell,False,correlation_threshold
cell_SumAverage_3_03_256,cell,False,correlation_threshold
cell_SumEntropy_3_00_256,cell,False,correlation_threshold
cell_SumEntropy_3_01_256,cell,False,correlation_threshold
cell_SumEntropy_3_02_256,cell,False,correlation_threshold
cell_SumEntropy_3_03_256,cell,False,correlation_threshold
cell_SumVariance_3_00_256,cell,False,correlation_threshold
cell_SumVariance_3_01_256,cell,False,correlation_threshold
cell_SumVariance_3_02_256,cell,False,correlation_threshold
cell_SumVariance_3_03_256,cell,False,correlation_threshold
cell_Variance_3_00_256,cell,False,correlation_threshold
cell_Variance_3_02_256,cell,False,correlation_threshold
cell_Variance_3_03_256,cell,False,correlation_threshold
cell_Zernike_0_0,cell,False,correlation_threshold
cell_Zernike_2_2,cell,False,correlation_threshold
cell_Zernike_4_4,cell,False,correlation_threshold
cell_Zernike_6_4,cell,False,correlation_threshold
cell_Zernike_6_6,cell,False,correlation_threshold
cell_Zernike_7_5,cell,False,correlation_threshold
cell_Zernike_8_6,cell,False,correlation_threshold
cell_Zernike_9_7,cell,False,correlation_threshold
cytoplasm_Area,cytoplasm,False,exact_duplicate_of:cytoplasm_Area_um2
cytoplasm_Area_um2,cytoplasm,False,correlation_threshold
cytoplasm_BoundingBoxArea,cytoplasm,False,rotation_sensitive:bounding_box_dependent
cytoplasm_BoundingBoxArea_um2,cytoplasm,False,rotation_sensitive:bounding_box_dependent
cytoplasm_BoundingBoxMaximum_X,cytoplasm,False,rotation_sensitive:position
cytoplasm_BoundingBoxMaximum_Y,cytoplasm,False,rotation_sensitive:position
cytoplasm_BoundingBoxMinimum_X,cytoplasm,False,rotation_sensitive:position
cytoplasm_BoundingBoxMinimum_Y,cytoplasm,False,rotation_sensitive:position
cytoplasm_Center_X,cytoplasm,False,rotation_sensitive:position
cytoplasm_Center_Y,cytoplasm,False,rotation_sensitive:position
cytoplasm_CentralMoment_0_0,cytoplasm,False,exact_duplicate_of:cytoplasm_Area_um2
cytoplasm_CentralMoment_0_1,cytoplasm,False,rotation_sensitive:raw_moment
cytoplasm_CentralMoment_0_2,cytoplasm,False,rotation_sensitive:raw_moment
cytoplasm_CentralMoment_0_3,cytoplasm,False,rotation_sensitive:raw_moment
cytoplasm_CentralMoment_1_0,cytoplasm,False,rotation_sensitive:raw_moment
cytoplasm_CentralMoment_1_1,cytoplasm,False,rotation_sensitive:raw_moment
cytoplasm_CentralMoment_1_2,cytoplasm,False,rotation_sensitive:raw_moment
cytoplasm_CentralMoment_1_3,cytoplasm,False,rotation_sensitive:raw_moment
cytoplasm_CentralMoment_2_0,cytoplasm,False,rotation_sensitive:raw_moment
cytoplasm_CentralMoment_2_1,cytoplasm,False,rotation_sensitive:raw_moment
cytoplasm_CentralMoment_2_2,cytoplasm,False,rotation_sensitive:raw_moment
cytoplasm_CentralMoment_2_3,cytoplasm,False,rotation_sensitive:raw_moment
cytoplasm_ConvexArea,cytoplasm,False,exact_duplicate_of:cytoplasm_ConvexArea_um2
cytoplasm_ConvexArea_um2,cytoplasm,False,correlation_threshold
cytoplasm_EquivalentDiameter,cytoplasm,False,exact_duplicate_of:cytoplasm_EquivalentDiameter_um
cytoplasm_EquivalentDiameter_um,cytoplasm,False,correlation_threshold
cytoplasm_Extent,cytoplasm,False,rotation_sensitive:bounding_box_dependent
cytoplasm_FilledArea,cytoplasm,False,exact_duplicate_of:cytoplasm_FilledArea_um2
cytoplasm_FilledArea_um2,cytoplasm,False,correlation_threshold
cytoplasm_HuMoment_0,cytoplasm,False,correlation_threshold
cytoplasm_HuMoment_1,cytoplasm,False,correlation_threshold
cytoplasm_HuMoment_2,cytoplasm,False,correlation_threshold
cytoplasm_HuMoment_3,cytoplasm,False,correlation_threshold
cytoplasm_HuMoment_4,cytoplasm,False,correlation_threshold
cytoplasm_HuMoment_5,cytoplasm,False,correlation_threshold
cytoplasm_HuMoment_6,cytoplasm,False,drop_outliers/other
cytoplasm_InertiaTensorEigenvalues_1,cytoplasm,False,correlation_threshold
cytoplasm_InertiaTensor_0_0,cytoplasm,False,rotation_sensitive:inertia_tensor_entry
cytoplasm_InertiaTensor_0_1,cytoplasm,False,rotation_sensitive:inertia_tensor_entry
cytoplasm_InertiaTensor_1_0,cytoplasm,False,rotation_sensitive:inertia_tensor_entry
cytoplasm_InertiaTensor_1_1,cytoplasm,False,rotation_sensitive:inertia_tensor_entry
cytoplasm_Intensity_IntegratedIntensity,cytoplasm,False,correlation_threshold
cytoplasm_Intensity_IntegratedIntensityEdge,cytoplasm,False,correlation_threshold
cytoplasm_Intensity_MaxIntensity,cytoplasm,False,variance_threshold
cytoplasm_Intensity_MaxIntensityEdge,cytoplasm,False,variance_threshold
cytoplasm_Intensity_MeanIntensity,cytoplasm,False,correlation_threshold
cytoplasm_Intensity_MedianIntensity,cytoplasm,False,correlation_threshold
cytoplasm_Intensity_MinIntensity,cytoplasm,False,correlation_threshold
cytoplasm_Intensity_MinIntensityEdge,cytoplasm,False,correlation_threshold
cytoplasm_Intensity_UpperQuartileIntensity,cytoplasm,False,correlation_threshold
cytoplasm_Location_CenterMassIntensity_X,cytoplasm,False,rotation_sensitive:position
cytoplasm_Location_CenterMassIntensity_Y,cytoplasm,False,rotation_sensitive:position
cytoplasm_Location_CenterMassIntensity_Z,cytoplasm,False,rotation_sensitive:position
cytoplasm_Location_MaxIntensity_X,cytoplasm,False,rotation_sensitive:position
cytoplasm_Location_MaxIntensity_Y,cytoplasm,False,rotation_sensitive:position
cytoplasm_Location_MaxIntensity_Z,cytoplasm,False,rotation_sensitive:position
cytoplasm_MajorAxisLength,cytoplasm,False,exact_duplicate_of:cytoplasm_MajorAxisLength_um
cytoplasm_MajorAxisLength_um,cytoplasm,False,correlation_threshold
cytoplasm_MaxFeretDiameter,cytoplasm,False,exact_duplicate_of:cytoplasm_MaxFeretDiameter_um
cytoplasm_MaxFeretDiameter_um,cytoplasm,False,correlation_threshold
cytoplasm_MaximumRadius,cytoplasm,False,exact_duplicate_of:cytoplasm_MaximumRadius_um
cytoplasm_MeanRadius,cytoplasm,False,exact_duplicate_of:cytoplasm_MeanRadius_um
cytoplasm_MeanRadius_um,cytoplasm,False,correlation_threshold
cytoplasm_MedianRadius,cytoplasm,False,exact_duplicate_of:cytoplasm_MedianRadius_um
cytoplasm_MedianRadius_um,cytoplasm,False,correlation_threshold
cytoplasm_MinFeretDiameter,cytoplasm,False,exact_duplicate_of:cytoplasm_MinFeretDiameter_um
cytoplasm_MinFeretDiameter_um,cytoplasm,False,correlation_threshold
cytoplasm_MinorAxisLength,cytoplasm,False,exact_duplicate_of:cytoplasm_MinorAxisLength_um
cytoplasm_MinorAxisLength_um,cytoplasm,False,correlation_threshold
cytoplasm_NormalizedMoment_0_0,cytoplasm,False,drop_na_columns
cytoplasm_NormalizedMoment_0_1,cytoplasm,False,rotation_sensitive:raw_moment
cytoplasm_NormalizedMoment_0_2,cytoplasm,False,rotation_sensitive:raw_moment
cytoplasm_NormalizedMoment_0_3,cytoplasm,False,rotation_sensitive:raw_moment
cytoplasm_NormalizedMoment_1_0,cytoplasm,False,rotation_sensitive:raw_moment
cytoplasm_NormalizedMoment_1_1,cytoplasm,False,rotation_sensitive:raw_moment
cytoplasm_NormalizedMoment_1_2,cytoplasm,False,rotation_sensitive:raw_moment
cytoplasm_NormalizedMoment_1_3,cytoplasm,False,rotation_sensitive:raw_moment
cytoplasm_NormalizedMoment_2_0,cytoplasm,False,rotation_sensitive:raw_moment
cytoplasm_NormalizedMoment_2_1,cytoplasm,False,rotation_sensitive:raw_moment
cytoplasm_NormalizedMoment_2_2,cytoplasm,False,rotation_sensitive:raw_moment
cytoplasm_NormalizedMoment_2_3,cytoplasm,False,rotation_sensitive:raw_moment
cytoplasm_NormalizedMoment_3_0,cytoplasm,False,rotation_sensitive:raw_moment
cytoplasm_NormalizedMoment_3_1,cytoplasm,False,rotation_sensitive:raw_moment
cytoplasm_NormalizedMoment_3_2,cytoplasm,False,rotation_sensitive:raw_moment
cytoplasm_NormalizedMoment_3_3,cytoplasm,False,rotation_sensitive:raw_moment
cytoplasm_Orientation,cytoplasm,False,rotation_sensitive:orientation
cytoplasm_Perimeter,cytoplasm,False,exact_duplicate_of:cytoplasm_Perimeter_um
cytoplasm_PerimeterCrofton,cytoplasm,False,exact_duplicate_of:cytoplasm_PerimeterCrofton_um
cytoplasm_PerimeterCrofton_um,cytoplasm,False,correlation_threshold
cytoplasm_Perimeter_um,cytoplasm,False,correlation_threshold
cytoplasm_SpatialMoment_0_0,cytoplasm,False,exact_duplicate_of:cytoplasm_Area_um2
cytoplasm_SpatialMoment_0_1,cytoplasm,False,rotation_sensitive:raw_moment
cytoplasm_SpatialMoment_0_2,cytoplasm,False,rotation_sensitive:raw_moment
cytoplasm_SpatialMoment_0_3,cytoplasm,False,rotation_sensitive:raw_moment
cytoplasm_SpatialMoment_1_0,cytoplasm,False,rotation_sensitive:raw_moment
cytoplasm_SpatialMoment_1_1,cytoplasm,False,rotation_sensitive:raw_moment
cytoplasm_SpatialMoment_1_2,cytoplasm,False,rotation_sensitive:raw_moment
cytoplasm_SpatialMoment_1_3,cytoplasm,False,rotation_sensitive:raw_moment
cytoplasm_SpatialMoment_2_0,cytoplasm,False,rotation_sensitive:raw_moment
cytoplasm_SpatialMoment_2_1,cytoplasm,False,rotation_sensitive:raw_moment
cytoplasm_SpatialMoment_2_2,cytoplasm,False,rotation_sensitive:raw_moment
cytoplasm_SpatialMoment_2_3,cytoplasm,False,rotation_sensitive:raw_moment
cytoplasm_Zernike_0_0,cytoplasm,False,correlation_threshold
cytoplasm_Zernike_1_1,cytoplasm,False,correlation_threshold
cytoplasm_Zernike_3_3,cytoplasm,False,correlation_threshold
cytoplasm_Zernike_5_5,cytoplasm,False,correlation_threshold
cytoplasm_Zernike_7_7,cytoplasm,False,correlation_threshold
cytoplasm_Zernike_8_8,cytoplasm,False,correlation_threshold
cytoplasm_Zernike_9_9,cytoplasm,False,correlation_threshold
lipid_Intensity_IntegratedIntensity,lipid,False,correlation_threshold
lipid_Intensity_IntegratedIntensityEdge,lipid,False,correlation_threshold
lipid_Intensity_LowerQuartileIntensity,lipid,False,correlation_threshold
lipid_Intensity_MaxIntensity,lipid,False,drop_na_columns
lipid_Intensity_MaxIntensityEdge,lipid,False,drop_na_columns
lipid_Intensity_MeanIntensity,lipid,False,correlation_threshold
lipid_Intensity_MeanIntensityEdge,lipid,False,correlation_threshold
lipid_Intensity_MedianIntensity,lipid,False,correlation_threshold
lipid_Intensity_MinIntensityEdge,lipid,False,correlation_threshold
lipid_Intensity_StdIntensity,lipid,False,correlation_threshold
lipid_Intensity_StdIntensityEdge,lipid,False,correlation_threshold
lipid_Location_CenterMassIntensity_X,lipid,False,rotation_sensitive:position
lipid_Location_CenterMassIntensity_Y,lipid,False,rotation_sensitive:position
lipid_Location_CenterMassIntensity_Z,lipid,False,rotation_sensitive:position
lipid_Location_MaxIntensity_X,lipid,False,rotation_sensitive:position
lipid_Location_MaxIntensity_Y,lipid,False,rotation_sensitive:position
lipid_Location_MaxIntensity_Z,lipid,False,rotation_sensitive:position
lipid_total_area_px2,lipid,False,exact_duplicate_of:lipid_total_area_um2
lipid_total_area_um2,lipid,False,correlation_threshold
nucleoli_Intensity_LowerQuartileIntensity,nucleoli,False,correlation_threshold
nucleoli_Intensity_MaxIntensity,nucleoli,False,correlation_threshold
nucleoli_Intensity_MeanIntensity,nucleoli,False,correlation_threshold
nucleoli_Intensity_MeanIntensityEdge,nucleoli,False,correlation_threshold
nucleoli_Intensity_MedianIntensity,nucleoli,False,correlation_threshold
nucleoli_Intensity_MinIntensity,nucleoli,False,correlation_threshold
nucleoli_Intensity_MinIntensityEdge,nucleoli,False,correlation_threshold
nucleoli_Intensity_StdIntensity,nucleoli,False,correlation_threshold
nucleoli_Location_CenterMassIntensity_X,nucleoli,False,rotation_sensitive:position
nucleoli_Location_CenterMassIntensity_Y,nucleoli,False,rotation_sensitive:position
nucleoli_Location_CenterMassIntensity_Z,nucleoli,False,rotation_sensitive:position
nucleoli_Location_MaxIntensity_X,nucleoli,False,rotation_sensitive:position
nucleoli_Location_MaxIntensity_Y,nucleoli,False,rotation_sensitive:position
nucleoli_Location_MaxIntensity_Z,nucleoli,False,rotation_sensitive:position
nucleoli_count,nucleoli,False,variance_threshold
nucleoli_total_area_px2,nucleoli,False,exact_duplicate_of:nucleoli_total_area_um2
nucleoli_total_area_um2,nucleoli,False,correlation_threshold
nucleoplasm_Area,nucleoplasm,False,exact_duplicate_of:nucleoplasm_Area_um2
nucleoplasm_Area_um2,nucleoplasm,False,correlation_threshold
nucleoplasm_BoundingBoxArea,nucleoplasm,False,rotation_sensitive:bounding_box_dependent
nucleoplasm_BoundingBoxArea_um2,nucleoplasm,False,rotation_sensitive:bounding_box_dependent
nucleoplasm_BoundingBoxMaximum_X,nucleoplasm,False,rotation_sensitive:position
nucleoplasm_BoundingBoxMaximum_Y,nucleoplasm,False,rotation_sensitive:position
nucleoplasm_BoundingBoxMinimum_X,nucleoplasm,False,rotation_sensitive:position
nucleoplasm_BoundingBoxMinimum_Y,nucleoplasm,False,rotation_sensitive:position
nucleoplasm_Center_X,nucleoplasm,False,rotation_sensitive:position
nucleoplasm_Center_Y,nucleoplasm,False,rotation_sensitive:position
nucleoplasm_CentralMoment_0_0,nucleoplasm,False,exact_duplicate_of:nucleoplasm_Area_um2
nucleoplasm_CentralMoment_0_1,nucleoplasm,False,rotation_sensitive:raw_moment
nucleoplasm_CentralMoment_0_2,nucleoplasm,False,rotation_sensitive:raw_moment
nucleoplasm_CentralMoment_0_3,nucleoplasm,False,rotation_sensitive:raw_moment
nucleoplasm_CentralMoment_1_0,nucleoplasm,False,rotation_sensitive:raw_moment
nucleoplasm_CentralMoment_1_1,nucleoplasm,False,rotation_sensitive:raw_moment
nucleoplasm_CentralMoment_1_2,nucleoplasm,False,rotation_sensitive:raw_moment
nucleoplasm_CentralMoment_1_3,nucleoplasm,False,rotation_sensitive:raw_moment
nucleoplasm_CentralMoment_2_0,nucleoplasm,False,rotation_sensitive:raw_moment
nucleoplasm_CentralMoment_2_1,nucleoplasm,False,rotation_sensitive:raw_moment
nucleoplasm_CentralMoment_2_2,nucleoplasm,False,rotation_sensitive:raw_moment
nucleoplasm_CentralMoment_2_3,nucleoplasm,False,rotation_sensitive:raw_moment
nucleoplasm_ConvexArea,nucleoplasm,False,exact_duplicate_of:nucleoplasm_ConvexArea_um2
nucleoplasm_ConvexArea_um2,nucleoplasm,False,correlation_threshold
nucleoplasm_Eccentricity,nucleoplasm,False,correlation_threshold
nucleoplasm_EquivalentDiameter,nucleoplasm,False,exact_duplicate_of:nucleoplasm_EquivalentDiameter_um
nucleoplasm_EquivalentDiameter_um,nucleoplasm,False,correlation_threshold
nucleoplasm_Extent,nucleoplasm,False,rotation_sensitive:bounding_box_dependent
nucleoplasm_FilledArea,nucleoplasm,False,exact_duplicate_of:nucleoplasm_FilledArea_um2
nucleoplasm_FilledArea_um2,nucleoplasm,False,correlation_threshold
nucleoplasm_HuMoment_2,nucleoplasm,False,correlation_threshold
nucleoplasm_HuMoment_3,nucleoplasm,False,correlation_threshold
nucleoplasm_HuMoment_4,nucleoplasm,False,drop_outliers/other
nucleoplasm_HuMoment_5,nucleoplasm,False,correlation_threshold
nucleoplasm_HuMoment_6,nucleoplasm,False,drop_outliers/other
nucleoplasm_InertiaTensorEigenvalues_0,nucleoplasm,False,correlation_threshold
nucleoplasm_InertiaTensorEigenvalues_1,nucleoplasm,False,correlation_threshold
nucleoplasm_InertiaTensor_0_0,nucleoplasm,False,rotation_sensitive:inertia_tensor_entry
nucleoplasm_InertiaTensor_0_1,nucleoplasm,False,rotation_sensitive:inertia_tensor_entry
nucleoplasm_InertiaTensor_1_0,nucleoplasm,False,rotation_sensitive:inertia_tensor_entry
nucleoplasm_InertiaTensor_1_1,nucleoplasm,False,rotation_sensitive:inertia_tensor_entry
nucleoplasm_Intensity_LowerQuartileIntensity,nucleoplasm,False,correlation_threshold
nucleoplasm_Intensity_MassDisplacement,nucleoplasm,False,correlation_threshold
nucleoplasm_Intensity_MaxIntensityEdge,nucleoplasm,False,correlation_threshold
nucleoplasm_Intensity_MeanIntensity,nucleoplasm,False,correlation_threshold
nucleoplasm_Intensity_MeanIntensityEdge,nucleoplasm,False,correlation_threshold
nucleoplasm_Intensity_MedianIntensity,nucleoplasm,False,correlation_threshold
nucleoplasm_Intensity_MinIntensity,nucleoplasm,False,correlation_threshold
nucleoplasm_Intensity_MinIntensityEdge,nucleoplasm,False,correlation_threshold
nucleoplasm_Intensity_StdIntensityEdge,nucleoplasm,False,correlation_threshold
nucleoplasm_Intensity_UpperQuartileIntensity,nucleoplasm,False,correlation_threshold
nucleoplasm_Location_CenterMassIntensity_X,nucleoplasm,False,rotation_sensitive:position
nucleoplasm_Location_CenterMassIntensity_Y,nucleoplasm,False,rotation_sensitive:position
nucleoplasm_Location_CenterMassIntensity_Z,nucleoplasm,False,rotation_sensitive:position
nucleoplasm_Location_MaxIntensity_X,nucleoplasm,False,rotation_sensitive:position
nucleoplasm_Location_MaxIntensity_Y,nucleoplasm,False,rotation_sensitive:position
nucleoplasm_Location_MaxIntensity_Z,nucleoplasm,False,rotation_sensitive:position
nucleoplasm_MajorAxisLength,nucleoplasm,False,exact_duplicate_of:nucleoplasm_MajorAxisLength_um
nucleoplasm_MajorAxisLength_um,nucleoplasm,False,correlation_threshold
nucleoplasm_MaxFeretDiameter,nucleoplasm,False,exact_duplicate_of:nucleoplasm_MaxFeretDiameter_um
nucleoplasm_MaxFeretDiameter_um,nucleoplasm,False,correlation_threshold
nucleoplasm_MaximumRadius,nucleoplasm,False,exact_duplicate_of:nucleoplasm_MaximumRadius_um
nucleoplasm_MeanRadius,nucleoplasm,False,exact_duplicate_of:nucleoplasm_MeanRadius_um
nucleoplasm_MeanRadius_um,nucleoplasm,False,correlation_threshold
nucleoplasm_MedianRadius,nucleoplasm,False,exact_duplicate_of:nucleoplasm_MedianRadius_um
nucleoplasm_MedianRadius_um,nucleoplasm,False,correlation_threshold
nucleoplasm_MinFeretDiameter,nucleoplasm,False,exact_duplicate_of:nucleoplasm_MinFeretDiameter_um
nucleoplasm_MinFeretDiameter_um,nucleoplasm,False,correlation_threshold
nucleoplasm_MinorAxisLength,nucleoplasm,False,exact_duplicate_of:nucleoplasm_MinorAxisLength_um
nucleoplasm_MinorAxisLength_um,nucleoplasm,False,correlation_threshold
nucleoplasm_NormalizedMoment_0_0,nucleoplasm,False,drop_na_columns
nucleoplasm_NormalizedMoment_0_1,nucleoplasm,False,rotation_sensitive:raw_moment
nucleoplasm_NormalizedMoment_0_2,nucleoplasm,False,rotation_sensitive:raw_moment
nucleoplasm_NormalizedMoment_0_3,nucleoplasm,False,rotation_sensitive:raw_moment
nucleoplasm_NormalizedMoment_1_0,nucleoplasm,False,rotation_sensitive:raw_moment
nucleoplasm_NormalizedMoment_1_1,nucleoplasm,False,rotation_sensitive:raw_moment
nucleoplasm_NormalizedMoment_1_2,nucleoplasm,False,rotation_sensitive:raw_moment
nucleoplasm_NormalizedMoment_1_3,nucleoplasm,False,rotation_sensitive:raw_moment
nucleoplasm_NormalizedMoment_2_0,nucleoplasm,False,rotation_sensitive:raw_moment
nucleoplasm_NormalizedMoment_2_1,nucleoplasm,False,rotation_sensitive:raw_moment
nucleoplasm_NormalizedMoment_2_2,nucleoplasm,False,rotation_sensitive:raw_moment
nucleoplasm_NormalizedMoment_2_3,nucleoplasm,False,rotation_sensitive:raw_moment
nucleoplasm_NormalizedMoment_3_0,nucleoplasm,False,rotation_sensitive:raw_moment
nucleoplasm_NormalizedMoment_3_1,nucleoplasm,False,rotation_sensitive:raw_moment
nucleoplasm_NormalizedMoment_3_2,nucleoplasm,False,rotation_sensitive:raw_moment
nucleoplasm_NormalizedMoment_3_3,nucleoplasm,False,rotation_sensitive:raw_moment
nucleoplasm_Orientation,nucleoplasm,False,rotation_sensitive:orientation
nucleoplasm_Perimeter,nucleoplasm,False,exact_duplicate_of:nucleoplasm_Perimeter_um
nucleoplasm_PerimeterCrofton,nucleoplasm,False,exact_duplicate_of:nucleoplasm_PerimeterCrofton_um
nucleoplasm_PerimeterCrofton_um,nucleoplasm,False,correlation_threshold
nucleoplasm_Perimeter_um,nucleoplasm,False,correlation_threshold
nucleoplasm_SpatialMoment_0_0,nucleoplasm,False,exact_duplicate_of:nucleoplasm_Area_um2
nucleoplasm_SpatialMoment_0_1,nucleoplasm,False,rotation_sensitive:raw_moment
nucleoplasm_SpatialMoment_0_2,nucleoplasm,False,rotation_sensitive:raw_moment
nucleoplasm_SpatialMoment_0_3,nucleoplasm,False,rotation_sensitive:raw_moment
nucleoplasm_SpatialMoment_1_0,nucleoplasm,False,rotation_sensitive:raw_moment
nucleoplasm_SpatialMoment_1_1,nucleoplasm,False,rotation_sensitive:raw_moment
nucleoplasm_SpatialMoment_1_2,nucleoplasm,False,rotation_sensitive:raw_moment
nucleoplasm_SpatialMoment_1_3,nucleoplasm,False,rotation_sensitive:raw_moment
nucleoplasm_SpatialMoment_2_0,nucleoplasm,False,rotation_sensitive:raw_moment
nucleoplasm_SpatialMoment_2_1,nucleoplasm,False,rotation_sensitive:raw_moment
nucleoplasm_SpatialMoment_2_2,nucleoplasm,False,rotation_sensitive:raw_moment
nucleoplasm_SpatialMoment_2_3,nucleoplasm,False,rotation_sensitive:raw_moment
nucleus_Area,nucleus,False,exact_duplicate_of:nucleus_Area_um2
nucleus_Area_um2,nucleus,False,correlation_threshold
nucleus_BoundingBoxArea,nucleus,False,rotation_sensitive:bounding_box_dependent
nucleus_BoundingBoxArea_um2,nucleus,False,rotation_sensitive:bounding_box_dependent
nucleus_BoundingBoxMaximum_X,nucleus,False,rotation_sensitive:position
nucleus_BoundingBoxMaximum_Y,nucleus,False,rotation_sensitive:position
nucleus_BoundingBoxMinimum_X,nucleus,False,rotation_sensitive:position
nucleus_BoundingBoxMinimum_Y,nucleus,False,rotation_sensitive:position
nucleus_Center_X,nucleus,False,rotation_sensitive:position
nucleus_Center_Y,nucleus,False,rotation_sensitive:position
nucleus_CentralMoment_0_0,nucleus,False,exact_duplicate_of:nucleus_Area_um2
nucleus_CentralMoment_0_1,nucleus,False,rotation_sensitive:raw_moment
nucleus_CentralMoment_0_2,nucleus,False,rotation_sensitive:raw_moment
nucleus_CentralMoment_0_3,nucleus,False,rotation_sensitive:raw_moment
nucleus_CentralMoment_1_0,nucleus,False,rotation_sensitive:raw_moment
nucleus_CentralMoment_1_1,nucleus,False,rotation_sensitive:raw_moment
nucleus_CentralMoment_1_2,nucleus,False,rotation_sensitive:raw_moment
nucleus_CentralMoment_1_3,nucleus,False,rotation_sensitive:raw_moment
nucleus_CentralMoment_2_0,nucleus,False,rotation_sensitive:raw_moment
nucleus_CentralMoment_2_1,nucleus,False,rotation_sensitive:raw_moment
nucleus_CentralMoment_2_2,nucleus,False,rotation_sensitive:raw_moment
nucleus_CentralMoment_2_3,nucleus,False,rotation_sensitive:raw_moment
nucleus_ConvexArea,nucleus,False,exact_duplicate_of:nucleus_ConvexArea_um2
nucleus_ConvexArea_um2,nucleus,False,correlation_threshold
nucleus_Eccentricity,nucleus,False,correlation_threshold
nucleus_EquivalentDiameter,nucleus,False,exact_duplicate_of:nucleus_EquivalentDiameter_um
nucleus_EquivalentDiameter_um,nucleus,False,correlation_threshold
nucleus_EulerNumber,nucleus,False,drop_na_columns
nucleus_Extent,nucleus,False,rotation_sensitive:bounding_box_dependent
nucleus_FilledArea,nucleus,False,exact_duplicate_of:nucleus_FilledArea_um2
nucleus_FilledArea_um2,nucleus,False,correlation_threshold
nucleus_HuMoment_0,nucleus,False,correlation_threshold
nucleus_HuMoment_1,nucleus,False,correlation_threshold
nucleus_HuMoment_2,nucleus,False,correlation_threshold
nucleus_HuMoment_3,nucleus,False,correlation_threshold
nucleus_HuMoment_4,nucleus,False,drop_outliers/other
nucleus_HuMoment_5,nucleus,False,correlation_threshold
nucleus_HuMoment_6,nucleus,False,correlation_threshold
nucleus_InertiaTensorEigenvalues_1,nucleus,False,correlation_threshold
nucleus_InertiaTensor_0_0,nucleus,False,rotation_sensitive:inertia_tensor_entry
nucleus_InertiaTensor_0_1,nucleus,False,rotation_sensitive:inertia_tensor_entry
nucleus_InertiaTensor_1_0,nucleus,False,rotation_sensitive:inertia_tensor_entry
nucleus_InertiaTensor_1_1,nucleus,False,rotation_sensitive:inertia_tensor_entry
nucleus_Intensity_IntegratedIntensity,nucleus,False,correlation_threshold
nucleus_Intensity_IntegratedIntensityEdge,nucleus,False,correlation_threshold
nucleus_Intensity_LowerQuartileIntensity,nucleus,False,correlation_threshold
nucleus_Intensity_MADIntensity,nucleus,False,drop_outliers/other
nucleus_Intensity_MeanIntensity,nucleus,False,correlation_threshold
nucleus_Intensity_MedianIntensity,nucleus,False,correlation_threshold
nucleus_Intensity_MinIntensity,nucleus,False,correlation_threshold
nucleus_Intensity_UpperQuartileIntensity,nucleus,False,correlation_threshold
nucleus_Location_CenterMassIntensity_X,nucleus,False,rotation_sensitive:position
nucleus_Location_CenterMassIntensity_Y,nucleus,False,rotation_sensitive:position
nucleus_Location_CenterMassIntensity_Z,nucleus,False,rotation_sensitive:position
nucleus_Location_MaxIntensity_X,nucleus,False,rotation_sensitive:position
nucleus_Location_MaxIntensity_Y,nucleus,False,rotation_sensitive:position
nucleus_Location_MaxIntensity_Z,nucleus,False,rotation_sensitive:position
nucleus_MajorAxisLength,nucleus,False,exact_duplicate_of:nucleus_MajorAxisLength_um
nucleus_MajorAxisLength_um,nucleus,False,correlation_threshold
nucleus_MaxFeretDiameter,nucleus,False,exact_duplicate_of:nucleus_MaxFeretDiameter_um
nucleus_MaxFeretDiameter_um,nucleus,False,correlation_threshold
nucleus_MaximumRadius,nucleus,False,exact_duplicate_of:nucleus_MaximumRadius_um
nucleus_MaximumRadius_um,nucleus,False,correlation_threshold
nucleus_MeanRadius,nucleus,False,exact_duplicate_of:nucleus_MeanRadius_um
nucleus_MeanRadius_um,nucleus,False,correlation_threshold
nucleus_MedianRadius,nucleus,False,exact_duplicate_of:nucleus_MedianRadius_um
nucleus_MedianRadius_um,nucleus,False,correlation_threshold
nucleus_MinFeretDiameter,nucleus,False,exact_duplicate_of:nucleus_MinFeretDiameter_um
nucleus_MinFeretDiameter_um,nucleus,False,correlation_threshold
nucleus_MinorAxisLength,nucleus,False,exact_duplicate_of:nucleus_MinorAxisLength_um
nucleus_MinorAxisLength_um,nucleus,False,correlation_threshold
nucleus_NormalizedMoment_0_0,nucleus,False,drop_na_columns
nucleus_NormalizedMoment_0_1,nucleus,False,rotation_sensitive:raw_moment
nucleus_NormalizedMoment_0_2,nucleus,False,rotation_sensitive:raw_moment
nucleus_NormalizedMoment_0_3,nucleus,False,rotation_sensitive:raw_moment
nucleus_NormalizedMoment_1_0,nucleus,False,rotation_sensitive:raw_moment
nucleus_NormalizedMoment_1_1,nucleus,False,rotation_sensitive:raw_moment
nucleus_NormalizedMoment_1_2,nucleus,False,rotation_sensitive:raw_moment
nucleus_NormalizedMoment_1_3,nucleus,False,rotation_sensitive:raw_moment
nucleus_NormalizedMoment_2_0,nucleus,False,rotation_sensitive:raw_moment
nucleus_NormalizedMoment_2_1,nucleus,False,rotation_sensitive:raw_moment
nucleus_NormalizedMoment_2_2,nucleus,False,rotation_sensitive:raw_moment
nucleus_NormalizedMoment_2_3,nucleus,False,rotation_sensitive:raw_moment
nucleus_NormalizedMoment_3_0,nucleus,False,rotation_sensitive:raw_moment
nucleus_NormalizedMoment_3_1,nucleus,False,rotation_sensitive:raw_moment
nucleus_NormalizedMoment_3_2,nucleus,False,rotation_sensitive:raw_moment
nucleus_NormalizedMoment_3_3,nucleus,False,rotation_sensitive:raw_moment
nucleus_Orientation,nucleus,False,rotation_sensitive:orientation
nucleus_Perimeter,nucleus,False,exact_duplicate_of:nucleus_Perimeter_um
nucleus_PerimeterCrofton,nucleus,False,exact_duplicate_of:nucleus_PerimeterCrofton_um
nucleus_PerimeterCrofton_um,nucleus,False,correlation_threshold
nucleus_Perimeter_um,nucleus,False,correlation_threshold
nucleus_SpatialMoment_0_0,nucleus,False,exact_duplicate_of:nucleus_Area_um2
nucleus_SpatialMoment_0_1,nucleus,False,rotation_sensitive:raw_moment
nucleus_SpatialMoment_0_2,nucleus,False,rotation_sensitive:raw_moment
nucleus_SpatialMoment_0_3,nucleus,False,rotation_sensitive:raw_moment
nucleus_SpatialMoment_1_0,nucleus,False,rotation_sensitive:raw_moment
nucleus_SpatialMoment_1_1,nucleus,False,rotation_sensitive:raw_moment
nucleus_SpatialMoment_1_2,nucleus,False,rotation_sensitive:raw_moment
nucleus_SpatialMoment_1_3,nucleus,False,rotation_sensitive:raw_moment
nucleus_SpatialMoment_2_0,nucleus,False,rotation_sensitive:raw_moment
nucleus_SpatialMoment_2_1,nucleus,False,rotation_sensitive:raw_moment
nucleus_SpatialMoment_2_2,nucleus,False,rotation_sensitive:raw_moment
nucleus_SpatialMoment_2_3,nucleus,False,rotation_sensitive:raw_moment
nucleus_Zernike_0_0,nucleus,False,correlation_threshold
nucleus_Zernike_1_1,nucleus,False,correlation_threshold
nucleus_Zernike_2_2,nucleus,False,correlation_threshold
nucleus_Zernike_3_3,nucleus,False,correlation_threshold
nucleus_Zernike_4_4,nucleus,False,correlation_threshold
nucleus_Zernike_5_5,nucleus,False,correlation_threshold
nucleus_Zernike_6_6,nucleus,False,correlation_threshold
nucleus_Zernike_7_7,nucleus,False,correlation_threshold
nucleus_Zernike_8_8,nucleus,False,correlation_threshold
nucleus_Zernike_9_9,nucleus,False,correlation_threshold
