feature,source,selected,excluded_by
cell_AngularSecondMoment_3_mean_256,cp_measure,True,
cell_Compactness,cp_measure,True,
cell_Correlation_3_mean_256,cp_measure,True,
cell_DifferenceEntropy_3_mean_256,cp_measure,True,
cell_DifferenceVariance_3_mean_256,cp_measure,True,
cell_FormFactor,cp_measure,True,
cell_Granularity_2,cp_measure,True,
cell_Granularity_3,cp_measure,True,
cell_HuMoment_1,cp_measure,True,
cell_InertiaTensorEigenvalues_0,cp_measure,True,
cell_InfoMeas1_3_mean_256,cp_measure,True,
cell_InfoMeas2_3_mean_256,cp_measure,True,
cell_Intensity_IntegratedIntensityEdge,cp_measure,True,
cell_Intensity_LowerQuartileIntensity,cp_measure,True,
cell_Intensity_MADIntensity,cp_measure,True,
cell_Intensity_MassDisplacement,cp_measure,True,
cell_Intensity_MaxIntensityEdge,cp_measure,True,
cell_Intensity_MeanIntensityEdge,cp_measure,True,
cell_Intensity_MinIntensity,cp_measure,True,
cell_Intensity_StdIntensityEdge,cp_measure,True,
cell_RadialDistribution_FracAtD_1of4,cp_measure,True,
cell_RadialDistribution_FracAtD_3of4,cp_measure,True,
cell_RadialDistribution_FracAtD_4of4,cp_measure,True,
cell_RadialDistribution_MeanFrac_1of4,cp_measure,True,
cell_RadialDistribution_MeanFrac_2of4,cp_measure,True,
cell_RadialDistribution_MeanFrac_3of4,cp_measure,True,
cell_RadialDistribution_MeanFrac_4of4,cp_measure,True,
cell_RadialDistribution_RadialCV_1of4,cp_measure,True,
cell_RadialDistribution_RadialCV_2of4,cp_measure,True,
cell_RadialDistribution_RadialCV_3of4,cp_measure,True,
cell_RadialDistribution_RadialCV_4of4,cp_measure,True,
cell_RadialDistribution_ZernikeMagnitude_1_1,cp_measure,True,
cell_RadialDistribution_ZernikeMagnitude_2_0,cp_measure,True,
cell_RadialDistribution_ZernikeMagnitude_3_1,cp_measure,True,
cell_RadialDistribution_ZernikeMagnitude_3_3,cp_measure,True,
cell_RadialDistribution_ZernikeMagnitude_4_0,cp_measure,True,
cell_RadialDistribution_ZernikeMagnitude_4_2,cp_measure,True,
cell_RadialDistribution_ZernikeMagnitude_5_1,cp_measure,True,
cell_RadialDistribution_ZernikeMagnitude_5_3,cp_measure,True,
cell_RadialDistribution_ZernikeMagnitude_5_5,cp_measure,True,
cell_RadialDistribution_ZernikeMagnitude_6_0,cp_measure,True,
cell_RadialDistribution_ZernikeMagnitude_6_4,cp_measure,True,
cell_RadialDistribution_ZernikeMagnitude_7_1,cp_measure,True,
cell_RadialDistribution_ZernikeMagnitude_7_3,cp_measure,True,
cell_RadialDistribution_ZernikeMagnitude_7_5,cp_measure,True,
cell_RadialDistribution_ZernikeMagnitude_7_7,cp_measure,True,
cell_RadialDistribution_ZernikeMagnitude_8_0,cp_measure,True,
cell_RadialDistribution_ZernikeMagnitude_8_2,cp_measure,True,
cell_RadialDistribution_ZernikeMagnitude_8_4,cp_measure,True,
cell_RadialDistribution_ZernikeMagnitude_8_6,cp_measure,True,
cell_RadialDistribution_ZernikeMagnitude_8_8,cp_measure,True,
cell_RadialDistribution_ZernikeMagnitude_9_1,cp_measure,True,
cell_RadialDistribution_ZernikeMagnitude_9_3,cp_measure,True,
cell_RadialDistribution_ZernikeMagnitude_9_5,cp_measure,True,
cell_RadialDistribution_ZernikeMagnitude_9_7,cp_measure,True,
cell_RadialDistribution_ZernikeMagnitude_9_9,cp_measure,True,
cell_Solidity,cp_measure,True,
cell_Zernike_1_1,cp_measure,True,
cell_Zernike_2_0,cp_measure,True,
cell_Zernike_2_2,cp_measure,True,
cell_Zernike_3_1,cp_measure,True,
cell_Zernike_3_3,cp_measure,True,
cell_Zernike_4_0,cp_measure,True,
cell_Zernike_4_2,cp_measure,True,
cell_Zernike_4_4,cp_measure,True,
cell_Zernike_5_1,cp_measure,True,
cell_Zernike_5_3,cp_measure,True,
cell_Zernike_5_5,cp_measure,True,
cell_Zernike_6_0,cp_measure,True,
cell_Zernike_6_2,cp_measure,True,
cell_Zernike_6_4,cp_measure,True,
cell_Zernike_6_6,cp_measure,True,
cell_Zernike_7_1,cp_measure,True,
cell_Zernike_7_3,cp_measure,True,
cell_Zernike_7_5,cp_measure,True,
cell_Zernike_7_7,cp_measure,True,
cell_Zernike_8_0,cp_measure,True,
cell_Zernike_8_2,cp_measure,True,
cell_Zernike_8_4,cp_measure,True,
cell_Zernike_8_6,cp_measure,True,
cell_Zernike_8_8,cp_measure,True,
cell_Zernike_9_1,cp_measure,True,
cell_Zernike_9_3,cp_measure,True,
cell_Zernike_9_5,cp_measure,True,
cell_Zernike_9_7,cp_measure,True,
cell_Zernike_9_9,cp_measure,True,
cell_lipid_Correlation_Pearson,cp_measure,True,
cell_lipid_Correlation_RWC_2,cp_measure,True,
cell_nucleoli_Correlation_Manders_1,cp_measure,True,
cell_nucleoli_Correlation_RWC_2,cp_measure,True,
cell_nucleoli_Correlation_Slope,cp_measure,True,
cell_nucleus_Correlation_RWC_1,cp_measure,True,
cell_nucleus_Correlation_RWC_2,cp_measure,True,
cell_nucleus_Correlation_Slope,cp_measure,True,
nucleoli_lipid_Correlation_Pearson,cp_measure,True,
nucleoli_lipid_Correlation_Slope,cp_measure,True,
nucleus_AngularSecondMoment_3_mean_256,cp_measure,True,
nucleus_Compactness,cp_measure,True,
nucleus_Contrast_3_mean_256,cp_measure,True,correlation_threshold
nucleus_Correlation_3_mean_256,cp_measure,True,
nucleus_DifferenceVariance_3_mean_256,cp_measure,True,
nucleus_FormFactor,cp_measure,True,
nucleus_Granularity_1,cp_measure,True,
nucleus_Granularity_2,cp_measure,True,
nucleus_HuMoment_1,cp_measure,True,
nucleus_InertiaTensorEigenvalues_0,cp_measure,True,
nucleus_InfoMeas1_3_mean_256,cp_measure,True,
nucleus_InfoMeas2_3_mean_256,cp_measure,True,
nucleus_Intensity_IntegratedIntensity,cp_measure,True,
nucleus_Intensity_IntegratedIntensityEdge,cp_measure,True,
nucleus_Intensity_MADIntensity,cp_measure,True,
nucleus_Intensity_MassDisplacement,cp_measure,True,
nucleus_Intensity_MaxIntensity,cp_measure,True,
nucleus_Intensity_MaxIntensityEdge,cp_measure,True,
nucleus_Intensity_MeanIntensityEdge,cp_measure,True,
nucleus_Intensity_MinIntensityEdge,cp_measure,True,
nucleus_Intensity_StdIntensityEdge,cp_measure,True,
nucleus_RadialDistribution_FracAtD_1of4,cp_measure,True,
nucleus_RadialDistribution_FracAtD_2of4,cp_measure,True,
nucleus_RadialDistribution_FracAtD_3of4,cp_measure,True,
nucleus_RadialDistribution_FracAtD_4of4,cp_measure,True,
nucleus_RadialDistribution_MeanFrac_1of4,cp_measure,True,
nucleus_RadialDistribution_MeanFrac_2of4,cp_measure,True,
nucleus_RadialDistribution_MeanFrac_3of4,cp_measure,True,
nucleus_RadialDistribution_MeanFrac_4of4,cp_measure,True,
nucleus_RadialDistribution_RadialCV_1of4,cp_measure,True,
nucleus_RadialDistribution_RadialCV_2of4,cp_measure,True,
nucleus_RadialDistribution_RadialCV_3of4,cp_measure,True,
nucleus_RadialDistribution_RadialCV_4of4,cp_measure,True,
nucleus_RadialDistribution_ZernikeMagnitude_1_1,cp_measure,True,
nucleus_RadialDistribution_ZernikeMagnitude_2_0,cp_measure,True,
nucleus_RadialDistribution_ZernikeMagnitude_2_2,cp_measure,True,
nucleus_RadialDistribution_ZernikeMagnitude_3_1,cp_measure,True,
nucleus_RadialDistribution_ZernikeMagnitude_3_3,cp_measure,True,
nucleus_RadialDistribution_ZernikeMagnitude_4_0,cp_measure,True,
nucleus_RadialDistribution_ZernikeMagnitude_4_2,cp_measure,True,
nucleus_RadialDistribution_ZernikeMagnitude_4_4,cp_measure,True,
nucleus_RadialDistribution_ZernikeMagnitude_5_1,cp_measure,True,
nucleus_RadialDistribution_ZernikeMagnitude_5_3,cp_measure,True,
nucleus_RadialDistribution_ZernikeMagnitude_5_5,cp_measure,True,
nucleus_RadialDistribution_ZernikeMagnitude_6_0,cp_measure,True,
nucleus_RadialDistribution_ZernikeMagnitude_6_2,cp_measure,True,
nucleus_RadialDistribution_ZernikeMagnitude_6_4,cp_measure,True,
nucleus_RadialDistribution_ZernikeMagnitude_6_6,cp_measure,True,
nucleus_RadialDistribution_ZernikeMagnitude_7_1,cp_measure,True,
nucleus_RadialDistribution_ZernikeMagnitude_7_3,cp_measure,True,
nucleus_RadialDistribution_ZernikeMagnitude_7_5,cp_measure,True,
nucleus_RadialDistribution_ZernikeMagnitude_7_7,cp_measure,True,
nucleus_RadialDistribution_ZernikeMagnitude_8_0,cp_measure,True,
nucleus_RadialDistribution_ZernikeMagnitude_8_2,cp_measure,True,
nucleus_RadialDistribution_ZernikeMagnitude_8_4,cp_measure,True,
nucleus_RadialDistribution_ZernikeMagnitude_8_6,cp_measure,True,
nucleus_RadialDistribution_ZernikeMagnitude_8_8,cp_measure,True,
nucleus_RadialDistribution_ZernikeMagnitude_9_1,cp_measure,True,
nucleus_RadialDistribution_ZernikeMagnitude_9_3,cp_measure,True,
nucleus_RadialDistribution_ZernikeMagnitude_9_5,cp_measure,True,
nucleus_RadialDistribution_ZernikeMagnitude_9_7,cp_measure,True,
nucleus_RadialDistribution_ZernikeMagnitude_9_9,cp_measure,True,
nucleus_Solidity,cp_measure,True,
nucleus_Zernike_0_0,cp_measure,True,
nucleus_Zernike_1_1,cp_measure,True,
nucleus_Zernike_2_0,cp_measure,True,
nucleus_Zernike_2_2,cp_measure,True,
nucleus_Zernike_3_1,cp_measure,True,
nucleus_Zernike_3_3,cp_measure,True,
nucleus_Zernike_4_0,cp_measure,True,
nucleus_Zernike_4_2,cp_measure,True,
nucleus_Zernike_4_4,cp_measure,True,
nucleus_Zernike_5_1,cp_measure,True,
nucleus_Zernike_5_3,cp_measure,True,
nucleus_Zernike_5_5,cp_measure,True,
nucleus_Zernike_6_0,cp_measure,True,
nucleus_Zernike_6_2,cp_measure,True,
nucleus_Zernike_6_4,cp_measure,True,
nucleus_Zernike_6_6,cp_measure,True,
nucleus_Zernike_7_1,cp_measure,True,
nucleus_Zernike_7_3,cp_measure,True,
nucleus_Zernike_7_5,cp_measure,True,
nucleus_Zernike_7_7,cp_measure,True,
nucleus_Zernike_8_0,cp_measure,True,
nucleus_Zernike_8_2,cp_measure,True,
nucleus_Zernike_8_4,cp_measure,True,
nucleus_Zernike_8_6,cp_measure,True,
nucleus_Zernike_8_8,cp_measure,True,
nucleus_Zernike_9_1,cp_measure,True,
nucleus_Zernike_9_3,cp_measure,True,
nucleus_Zernike_9_5,cp_measure,True,
nucleus_Zernike_9_7,cp_measure,True,
nucleus_Zernike_9_9,cp_measure,True,
nucleus_lipid_Correlation_Pearson,cp_measure,True,correlation_threshold
nucleus_nucleoli_Correlation_RWC_2,cp_measure,True,
hc_cell_eccentricity,handpicked,True,
hc_lipid_area,handpicked,True,
hc_nucleolus_to_nucleus_area_ratio,handpicked,True,
hc_nucleus_RI_std,handpicked,True,
hc_nucleus_to_cell_area_ratio,handpicked,True,
cell_Area,cp_measure,False,correlation_threshold
cell_CentralMoment_0_0,cp_measure,False,correlation_threshold
cell_Contrast_3_mean_256,cp_measure,False,correlation_threshold
cell_ConvexArea,cp_measure,False,correlation_threshold
cell_Eccentricity,cp_measure,False,correlation_threshold
cell_Entropy_3_mean_256,cp_measure,False,correlation_threshold
cell_EquivalentDiameter,cp_measure,False,correlation_threshold
cell_EulerNumber,cp_measure,False,drop_na_columns
cell_FilledArea,cp_measure,False,correlation_threshold
cell_Granularity_1,cp_measure,False,correlation_threshold
cell_Granularity_10,cp_measure,False,variance_threshold
cell_Granularity_11,cp_measure,False,variance_threshold
cell_Granularity_12,cp_measure,False,variance_threshold
cell_Granularity_13,cp_measure,False,variance_threshold
cell_Granularity_14,cp_measure,False,variance_threshold
cell_Granularity_15,cp_measure,False,variance_threshold
cell_Granularity_16,cp_measure,False,variance_threshold
cell_Granularity_4,cp_measure,False,variance_threshold
cell_Granularity_5,cp_measure,False,variance_threshold
cell_Granularity_6,cp_measure,False,variance_threshold
cell_Granularity_7,cp_measure,False,variance_threshold
cell_Granularity_8,cp_measure,False,variance_threshold
cell_Granularity_9,cp_measure,False,variance_threshold
cell_HuMoment_0,cp_measure,False,correlation_threshold
cell_HuMoment_2,cp_measure,False,correlation_threshold
cell_HuMoment_3,cp_measure,False,correlation_threshold
cell_HuMoment_4,cp_measure,False,drop_outliers/other
cell_HuMoment_5,cp_measure,False,correlation_threshold
cell_HuMoment_6,cp_measure,False,drop_outliers/other
cell_InertiaTensorEigenvalues_1,cp_measure,False,correlation_threshold
cell_Intensity_IntegratedIntensity,cp_measure,False,correlation_threshold
cell_Intensity_MaxIntensity,cp_measure,False,drop_na_columns
cell_Intensity_MeanIntensity,cp_measure,False,correlation_threshold
cell_Intensity_MedianIntensity,cp_measure,False,correlation_threshold
cell_Intensity_MinIntensityEdge,cp_measure,False,correlation_threshold
cell_Intensity_StdIntensity,cp_measure,False,correlation_threshold
cell_Intensity_UpperQuartileIntensity,cp_measure,False,correlation_threshold
cell_InverseDifferenceMoment_3_mean_256,cp_measure,False,correlation_threshold
cell_MajorAxisLength,cp_measure,False,correlation_threshold
cell_MaxFeretDiameter,cp_measure,False,correlation_threshold
cell_MaximumRadius,cp_measure,False,correlation_threshold
cell_MeanRadius,cp_measure,False,correlation_threshold
cell_MedianRadius,cp_measure,False,correlation_threshold
cell_MinFeretDiameter,cp_measure,False,correlation_threshold
cell_MinorAxisLength,cp_measure,False,correlation_threshold
cell_Perimeter,cp_measure,False,correlation_threshold
cell_PerimeterCrofton,cp_measure,False,correlation_threshold
cell_RadialDistribution_FracAtD_2of4,cp_measure,False,correlation_threshold
cell_RadialDistribution_ZernikeMagnitude_0_0,cp_measure,False,correlation_threshold
cell_RadialDistribution_ZernikeMagnitude_2_2,cp_measure,False,correlation_threshold
cell_RadialDistribution_ZernikeMagnitude_4_4,cp_measure,False,correlation_threshold
cell_RadialDistribution_ZernikeMagnitude_6_2,cp_measure,False,correlation_threshold
cell_RadialDistribution_ZernikeMagnitude_6_6,cp_measure,False,correlation_threshold
cell_SpatialMoment_0_0,cp_measure,False,correlation_threshold
cell_SumAverage_3_mean_256,cp_measure,False,correlation_threshold
cell_SumEntropy_3_mean_256,cp_measure,False,correlation_threshold
cell_SumVariance_3_mean_256,cp_measure,False,correlation_threshold
cell_Variance_3_mean_256,cp_measure,False,correlation_threshold
cell_Zernike_0_0,cp_measure,False,correlation_threshold
cell_lipid_Correlation_Manders_1,cp_measure,False,correlation_threshold
cell_lipid_Correlation_Manders_2,cp_measure,False,drop_na_columns
cell_lipid_Correlation_RWC_1,cp_measure,False,correlation_threshold
cell_lipid_Correlation_Slope,cp_measure,False,correlation_threshold
cell_nucleoli_Correlation_Costes_1,cp_measure,False,drop_na_columns
cell_nucleoli_Correlation_Pearson,cp_measure,False,correlation_threshold
cell_nucleoli_Correlation_RWC_1,cp_measure,False,correlation_threshold
cell_nucleus_Correlation_Costes_1,cp_measure,False,drop_na_columns
cell_nucleus_Correlation_Costes_2,cp_measure,False,drop_na_columns
cell_nucleus_Correlation_Manders_1,cp_measure,False,correlation_threshold
cell_nucleus_Correlation_Manders_2,cp_measure,False,drop_na_columns
cell_nucleus_Correlation_Pearson,cp_measure,False,correlation_threshold
nucleus_Area,cp_measure,False,correlation_threshold
nucleus_CentralMoment_0_0,cp_measure,False,correlation_threshold
nucleus_ConvexArea,cp_measure,False,correlation_threshold
nucleus_DifferenceEntropy_3_mean_256,cp_measure,False,correlation_threshold
nucleus_Eccentricity,cp_measure,False,correlation_threshold
nucleus_Entropy_3_mean_256,cp_measure,False,correlation_threshold
nucleus_EquivalentDiameter,cp_measure,False,correlation_threshold
nucleus_EulerNumber,cp_measure,False,drop_na_columns
nucleus_FilledArea,cp_measure,False,correlation_threshold
nucleus_Granularity_10,cp_measure,False,variance_threshold
nucleus_Granularity_11,cp_measure,False,variance_threshold
nucleus_Granularity_12,cp_measure,False,variance_threshold
nucleus_Granularity_13,cp_measure,False,variance_threshold
nucleus_Granularity_14,cp_measure,False,variance_threshold
nucleus_Granularity_15,cp_measure,False,variance_threshold
nucleus_Granularity_16,cp_measure,False,variance_threshold
nucleus_Granularity_3,cp_measure,False,variance_threshold
nucleus_Granularity_4,cp_measure,False,variance_threshold
nucleus_Granularity_5,cp_measure,False,variance_threshold
nucleus_Granularity_6,cp_measure,False,variance_threshold
nucleus_Granularity_7,cp_measure,False,variance_threshold
nucleus_Granularity_8,cp_measure,False,variance_threshold
nucleus_Granularity_9,cp_measure,False,variance_threshold
nucleus_HuMoment_0,cp_measure,False,correlation_threshold
nucleus_HuMoment_2,cp_measure,False,correlation_threshold
nucleus_HuMoment_3,cp_measure,False,correlation_threshold
nucleus_HuMoment_4,cp_measure,False,correlation_threshold
nucleus_HuMoment_5,cp_measure,False,correlation_threshold
nucleus_HuMoment_6,cp_measure,False,drop_outliers/other
nucleus_InertiaTensorEigenvalues_1,cp_measure,False,correlation_threshold
nucleus_Intensity_LowerQuartileIntensity,cp_measure,False,correlation_threshold
nucleus_Intensity_MeanIntensity,cp_measure,False,correlation_threshold
nucleus_Intensity_MedianIntensity,cp_measure,False,correlation_threshold
nucleus_Intensity_MinIntensity,cp_measure,False,correlation_threshold
nucleus_Intensity_StdIntensity,cp_measure,False,correlation_threshold
nucleus_Intensity_UpperQuartileIntensity,cp_measure,False,correlation_threshold
nucleus_InverseDifferenceMoment_3_mean_256,cp_measure,False,correlation_threshold
nucleus_MajorAxisLength,cp_measure,False,correlation_threshold
nucleus_MaxFeretDiameter,cp_measure,False,correlation_threshold
nucleus_MaximumRadius,cp_measure,False,correlation_threshold
nucleus_MeanRadius,cp_measure,False,correlation_threshold
nucleus_MedianRadius,cp_measure,False,correlation_threshold
nucleus_MinFeretDiameter,cp_measure,False,correlation_threshold
nucleus_MinorAxisLength,cp_measure,False,correlation_threshold
nucleus_Perimeter,cp_measure,False,correlation_threshold
nucleus_PerimeterCrofton,cp_measure,False,correlation_threshold
nucleus_RadialDistribution_ZernikeMagnitude_0_0,cp_measure,False,correlation_threshold
nucleus_SpatialMoment_0_0,cp_measure,False,correlation_threshold
nucleus_SumAverage_3_mean_256,cp_measure,False,correlation_threshold
nucleus_SumEntropy_3_mean_256,cp_measure,False,correlation_threshold
nucleus_SumVariance_3_mean_256,cp_measure,False,correlation_threshold
nucleus_Variance_3_mean_256,cp_measure,False,correlation_threshold
nucleus_lipid_Correlation_Costes_1,cp_measure,False,variance_threshold
nucleus_lipid_Correlation_Costes_2,cp_measure,False,variance_threshold
nucleus_lipid_Correlation_Manders_1,cp_measure,False,variance_threshold
nucleus_lipid_Correlation_Manders_2,cp_measure,False,variance_threshold
nucleus_lipid_Correlation_RWC_1,cp_measure,False,variance_threshold
nucleus_lipid_Correlation_RWC_2,cp_measure,False,variance_threshold
nucleus_lipid_Correlation_Slope,cp_measure,False,drop_outliers/other
nucleus_nucleoli_Correlation_Manders_1,cp_measure,False,correlation_threshold
nucleus_nucleoli_Correlation_Pearson,cp_measure,False,correlation_threshold
nucleus_nucleoli_Correlation_RWC_1,cp_measure,False,correlation_threshold
nucleus_nucleoli_Correlation_Slope,cp_measure,False,correlation_threshold
hc_cell_RI_mean,handpicked,False,correlation_threshold
hc_cell_area,handpicked,False,correlation_threshold
hc_nucleus_area,handpicked,False,correlation_threshold
