group,names,scores,logfoldchanges,pvals,pvals_adj
0,cell_RadialDistribution_FracAtD_1of4,21.117256,,5.521093349353252e-99,1.8771717387801058e-97
0,cell_DifferenceVariance_3_02_256,19.099674,,2.5406589296203147e-81,3.239340135265901e-80
0,cell_AngularSecondMoment_3_01_256,19.090189,,3.0466785169639094e-81,3.656014220356692e-80
0,cell_Zernike_2_0,16.69204,,1.497680865353997e-62,1.2221075861288615e-61
0,nucleoplasm_Zernike_0_0,16.50104,,3.6063423007089474e-61,2.829591651325482e-60
0,cell_Granularity_1,16.49705,,3.8526747548503805e-61,2.910909814775843e-60
0,cytoplasm_Zernike_2_0,16.111586,,2.115277568421064e-58,1.5411307998496323e-57
0,cell_FormFactor,16.054443,,5.321338631474089e-58,3.6185102694023807e-57
0,nucleus_Zernike_4_0,15.8727045,,9.792833641151036e-57,6.444316331596166e-56
0,nucleus_FormFactor,15.370248,,2.591749244082201e-53,1.5550495464493206e-52
0,cell_RadialDistribution_FracAtD_3of4,15.044261,,3.765140855134438e-51,2.0759154985065551e-50
0,cell_Zernike_1_1,14.882999,,4.250117709336811e-50,2.1675600317617738e-49
0,cytoplasm_Solidity,14.814866,,1.1742382025246393e-49,5.70344269797682e-49
0,nucleus_Solidity,14.122087,,2.7764586092662566e-45,1.2312990354137312e-44
0,cytoplasm_Zernike_5_1,13.599755,,4.0177786058219154e-42,1.707555907474314e-41
0,cell_Zernike_3_3,13.331362,,1.520964633782137e-40,6.332179291664407e-40
0,cytoplasm_Zernike_7_1,12.916462,,3.634736653103497e-38,1.4259351485252182e-37
0,cytoplasm_Zernike_4_0,12.6199875,,1.6384815336668835e-36,6.077276961237169e-36
0,cytoplasm_FormFactor,12.36123,,4.236235059980021e-35,1.416708118419548e-34
0,cytoplasm_Zernike_8_2,11.652717,,2.2225826948425437e-31,6.667748084527631e-31
0,cytoplasm_Zernike_3_1,11.596026,,4.316582642003812e-31,1.2762070419837358e-30
0,nucleoplasm_Zernike_4_0,11.281032,,1.628257260509002e-29,4.678372973856851e-29
0,cell_RadialDistribution_MeanFrac_1of4,11.180826,,5.061658770084965e-29,1.4341366515240734e-28
0,cytoplasm_Zernike_6_2,11.122404,,9.760544622737e-29,2.727604250737463e-28
0,cytoplasm_MaximumRadius_um,10.561112,,4.512832991554239e-26,1.2113393819435063e-25
0,cell_RadialDistribution_MeanFrac_2of4,10.519592,,7.017677301563656e-26,1.8592287915830986e-25
0,cytoplasm_Zernike_5_3,10.467269,,1.22115883815644e-25,3.1938000382553047e-25
0,nucleoli_Intensity_IntegratedIntensity,9.524842,,1.6529249587169013e-21,4.062610741906601e-21
0,nucleolus_to_nucleus_area_ratio,9.433446,,3.9683418093663755e-21,9.637401537032627e-21
0,cytoplasm_Zernike_6_0,9.130496,,6.81861317412548e-20,1.636467161790115e-19
0,cell_Zernike_5_5,9.023064,,1.8290165142146884e-19,4.28872837815858e-19
0,nucleoli_Intensity_IntegratedIntensityEdge,8.969234,,2.9858322792207077e-19,6.843930168101397e-19
0,cell_Zernike_7_7,8.526855,,1.5037949728184878e-17,3.3345018962496903e-17
0,nucleus_Zernike_6_0,8.134617,,4.13242178448511e-16,8.781396292030859e-16
0,cell_Zernike_9_9,8.109171,,5.09664485595761e-16,1.0502177278942955e-15
0,nucleus_Zernike_8_2,7.5826225,,3.3863886031357677e-14,6.642531490766314e-14
0,cell_Solidity,7.4147353,,1.218677467116074e-13,2.3677162218255153e-13
0,cytoplasm_Zernike_7_3,7.278694,,3.370664599500944e-13,6.486939417907477e-13
0,nucleoplasm_Zernike_8_2,7.1113343,,1.1492641473991257e-12,2.170832278420571e-12
0,cytoplasm_Zernike_9_1,6.547595,,5.847097502384183e-11,1.055582203970242e-10
0,cell_Zernike_5_3,6.4955726,,8.271811326149302e-11,1.454697853909015e-10
0,cell_Zernike_3_1,5.959539,,2.529509154532171e-09,4.26462700433523e-09
0,nucleoplasm_MaximumRadius_um,5.6608806,,1.505983137334472e-08,2.4190595276868685e-08
0,cytoplasm_Zernike_9_3,5.2182007,,1.8066964760781327e-07,2.8134815352667104e-07
0,nucleoplasm_Intensity_IntegratedIntensity,4.8102274,,1.5075851914938826e-06,2.295129694513075e-06
0,cytoplasm_Zernike_7_5,4.3290014,,1.497868573430518e-05,2.1983107120850767e-05
0,nucleoplasm_EulerNumber,4.087824,,4.3543843783761015e-05,6.299960377224998e-05
0,cytoplasm_Zernike_8_0,3.5582268,,0.00037336680027133567,0.0005181416820092005
0,nucleoplasm_Zernike_9_3,3.371142,,0.0007485727735095218,0.0010113168595757777
0,nucleoplasm_Zernike_6_0,3.0315282,,0.002433191390570122,0.0031615990043076746
0,nucleus_InertiaTensorEigenvalues_0,2.9691164,,0.0029865740255270745,0.003856082919034957
0,cytoplasm_Zernike_9_7,2.6382358,,0.008333858627793265,0.010494488642406334
0,nucleoli_Intensity_MassDisplacement,2.6318367,,0.00849246918585389,0.010628611741804869
0,nucleoplasm_Zernike_9_1,2.4626696,,0.013790689193179627,0.016947593948244844
0,nucleus_Zernike_7_1,2.3898685,,0.01685440816603013,0.02058861835850387
0,cytoplasm_Zernike_8_4,1.9699249,,0.0488469707707825,0.058963207320944545
0,lipid_count,1.9355947,,0.05291736033387713,0.06350083240065256
0,nucleoplasm_Zernike_7_3,1.7823131,,0.07469819354753841,0.08911363440758968
0,cell_Zernike_9_1,1.613899,,0.10654933361577923,0.12637246545127304
0,cell_InfoMeas1_3_01_256,1.6038108,,0.10875577896942945,0.1282438087269573
0,cytoplasm_Zernike_9_5,1.490581,,0.13607151628513905,0.15862051041239067
0,cell_RadialDistribution_RadialCV_3of4,1.4405161,,0.1497214382514831,0.17354075797330995
0,nucleoplasm_Zernike_3_3,1.3899242,,0.16455191831554772,0.18965305839758043
0,nucleoplasm_Zernike_9_5,1.3035715,,0.1923797375356826,0.21924841596245392
0,nucleoplasm_Zernike_8_0,1.224371,,0.2208123311440059,0.24887135664849283
0,nucleoplasm_Zernike_4_2,0.8284436,,0.40741934326185325,0.44209332992243655
0,nucleoplasm_Solidity,0.7929087,,0.427831002826897,0.46178584432109515
0,nucleus_Zernike_8_0,0.7793573,,0.4357692668254647,0.4678785812231305
0,nucleoplasm_Zernike_5_5,0.76708573,,0.4430305398323605,0.47318445092042694
0,nucleus_Zernike_9_1,0.65363026,,0.5133500645565764,0.5454344435913624
0,nucleoplasm_Zernike_7_1,0.5796244,,0.5621679283709742,0.5881141404496345
0,nucleoplasm_Compactness,0.37334165,,0.7088941732676723,0.7303758148818442
0,nucleoplasm_Intensity_IntegratedIntensityEdge,0.21117632,,0.8327496898384201,0.8409947362724639
0,cell_Zernike_5_1,0.03500784,,0.9720734902870231,0.9720734902870231
0,nucleus_Zernike_9_3,-0.122640364,,0.9023918897328181,0.9068371699778074
0,nucleoplasm_Zernike_5_3,-0.21855432,,0.8269972447004554,0.8393404871586712
0,cell_Zernike_9_5,-0.28081557,,0.7788518633210588,0.7944289005874801
0,nucleoplasm_Zernike_6_4,-0.28706428,,0.7740631037543042,0.7935119254566737
0,nucleoplasm_FormFactor,-0.37334165,,0.7088941732676723,0.7303758148818442
0,nucleoplasm_Zernike_5_1,-0.45555362,,0.6487110028671141,0.6751890029841392
0,cell_Zernike_7_3,-0.61199725,,0.5405395770879683,0.5684024418863172
0,cell_Correlation_3_01_256,-0.63149625,,0.52771610717593,0.55779319100461
0,nucleoli_Intensity_MADIntensity,-0.8656347,,0.3866905267273487,0.4218442109752895
0,nucleoplasm_Zernike_9_9,-0.9224754,,0.35628067052573,0.39075944509273614
0,nucleoplasm_Zernike_7_7,-0.9985892,,0.31799373908401696,0.3506525555304836
0,cell_Zernike_9_3,-1.027273,,0.30429191742639483,0.3373671258423073
0,nucleoplasm_Zernike_3_1,-1.0823069,,0.27911619881025695,0.3111459265425815
0,cell_RadialDistribution_RadialCV_1of4,-1.1728755,,0.24084572504659207,0.26995894455771857
0,cytoplasm_Zernike_2_2,-1.2974733,,0.19446837981411846,0.2203974971226676
0,nucleoplasm_Zernike_1_1,-1.3334599,,0.18238093609581685,0.20902084810981256
0,nucleoplasm_Zernike_7_5,-1.5023257,,0.1330130302053826,0.15594631127527617
0,cell_Zernike_7_1,-2.2227342,,0.026233724229602618,0.03185523656451747
0,cytoplasm_Intensity_MassDisplacement,-2.5158215,,0.011875534722392582,0.014682479293139919
0,nucleoplasm_Zernike_8_6,-2.56423,,0.01034049726010394,0.012862569762568317
0,cell_Zernike_8_4,-2.788205,,0.0053000999437721906,0.006715654587139919
0,nucleoplasm_Zernike_9_7,-2.8546822,,0.004307991120106205,0.0054926886781354115
0,nucleus_Zernike_6_4,-2.9247732,,0.0034470737687049722,0.00442266068437619
0,lipid_Intensity_MassDisplacement,-3.0434988,,0.0023384446179275857,0.0030579660388283816
0,cell_RadialDistribution_RadialCV_2of4,-3.1752486,,0.0014970817355116316,0.0019703527357701474
0,cell_RadialDistribution_ZernikeMagnitude_1_1,-3.1776578,,0.0014846989258429366,0.0019667440316360977
0,nucleus_Intensity_MassDisplacement,-3.3079019,,0.0009399770449721393,0.0012533027266295191
0,cytoplasm_Zernike_4_4,-3.3642156,,0.0007676153532794009,0.0010302206057170907
0,nucleus_Zernike_3_1,-3.4594522,,0.0005412756624393418,0.0007361349009175048
0,cell_Zernike_8_8,-3.460506,,0.000539161140227139,0.0007361349009175048
0,cell_Zernike_8_2,-3.4719496,,0.0005166935972687472,0.0007121992827217867
0,cell_Granularity_2,-3.6395354,,0.0002731304172193268,0.00038163428159412784
0,cell_Intensity_MaxIntensityEdge,-3.8726199,,0.00010767171178395737,0.00015148296002708486
0,cytoplasm_EulerNumber,-3.9215178,,8.799292197976564e-05,0.00012465663947133464
0,nucleus_Zernike_5_1,-3.9494112,,7.834366414264383e-05,0.00011176298940628911
0,nucleoplasm_HuMoment_0,-4.042615,,5.2858401255887215e-05,7.59374215225422e-05
0,cell_Intensity_IntegratedIntensityEdge,-4.2380567,,2.2546304914776564e-05,3.2853187161531565e-05
0,nucleoplasm_Zernike_8_4,-4.4330463,,9.291086703905745e-06,1.3734649910121535e-05
0,nucleus_Intensity_MinIntensityEdge,-4.459095,,8.2306349305796e-06,1.2255835955023639e-05
0,cell_Zernike_8_0,-4.47212,,7.744807067299151e-06,1.1617210600948728e-05
0,cytoplasm_Zernike_6_6,-4.756323,,1.971508687654294e-06,2.9791686835664886e-06
0,cell_Intensity_StdIntensityEdge,-4.8550224,,1.2037301919471012e-06,1.8463230011820199e-06
0,cell_RadialDistribution_ZernikeMagnitude_3_3,-5.2069077,,1.920134005247338e-07,2.9674798262913403e-07
0,lipid_Intensity_MADIntensity,-5.261189,,1.4312696709646196e-07,2.24599240674448e-07
0,cell_Intensity_MinIntensityEdge,-5.3702025,,7.86482936332057e-08,1.2437404574553458e-07
0,nucleus_Zernike_7_3,-5.410179,,6.296172913663163e-08,1.0034525581150667e-07
0,cell_Granularity_3,-5.677895,,1.3636235806095692e-08,2.207771511463112e-08
0,cell_RadialDistribution_RadialCV_4of4,-5.7762933,,7.63641687829433e-09,1.2462632345376345e-08
0,nucleus_Zernike_9_5,-5.82154,,5.830781696671856e-09,9.592576339685958e-09
0,nucleus_Zernike_5_3,-5.944105,,2.7797111202195918e-09,4.610252589632494e-09
0,nucleoplasm_Zernike_8_8,-5.9449334,,2.7656944006554074e-09,4.610252589632494e-09
0,nucleus_Zernike_4_2,-6.246377,,4.2008214302386604e-10,7.141396431405723e-10
0,cytoplasm_Zernike_4_2,-6.3148117,,2.704904004932218e-10,4.6369782941695157e-10
0,cytoplasm_Zernike_6_4,-6.4475403,,1.1367982280160623e-10,1.9653121908074297e-10
0,nucleoplasm_Zernike_6_2,-6.4933896,,8.392636054952588e-11,1.463331414709682e-10
0,cell_Granularity_4,-6.5113826,,7.446215309790606e-11,1.3208938462585076e-10
0,cell_Granularity_5,-6.5354743,,6.340833896376044e-11,1.1346755393515025e-10
0,cell_InfoMeas2_3_01_256,-6.5503807,,5.739058817505409e-11,1.0453285703313423e-10
0,cell_Zernike_6_2,-6.7068243,,1.989054657542233e-11,3.655559911158699e-11
0,nucleoli_Intensity_StdIntensityEdge,-6.9061055,,4.981395317294741e-12,9.238224042982974e-12
0,nucleus_to_cell_area_ratio,-7.083102,,1.4096270180609697e-12,2.63820102462787e-12
0,nucleus_Zernike_8_6,-7.2196703,,5.211374890477962e-13,9.935705398668263e-13
0,cell_RadialDistribution_ZernikeMagnitude_3_1,-7.6166515,,2.6034055759836954e-14,5.1562595873851836e-14
0,cell_RadialDistribution_ZernikeMagnitude_9_9,-7.929087,,2.207623867599944e-15,4.415247735199888e-15
0,lipid_Intensity_MinIntensity,-7.954609,,1.7969795223939688e-15,3.6295427977066296e-15
0,cytoplasm_Zernike_8_6,-8.092306,,5.854531225648072e-16,1.1943243700322067e-15
0,cell_Intensity_MeanIntensityEdge,-8.116473,,4.799262197538686e-16,9.990300900998897e-16
0,cell_RadialDistribution_ZernikeMagnitude_5_5,-8.125959,,4.4383794792472562e-16,9.334323853262271e-16
0,nucleus_Zernike_7_5,-8.228046,,1.9029093527920858e-16,4.086247452311426e-16
0,nucleoli_Intensity_UpperQuartileIntensity,-8.397891,,4.545682285426717e-17,9.865097725819683e-17
0,nucleoli_Intensity_MaxIntensityEdge,-8.461019,,2.650530355216878e-17,5.814066585637023e-17
0,cytoplasm_InertiaTensorEigenvalues_0,-8.562692,,1.1026268312115721e-17,2.4718227864523155e-17
0,cell_RadialDistribution_ZernikeMagnitude_7_7,-8.627513,,6.270070349558091e-18,1.421215945899834e-17
0,cell_RadialDistribution_MeanFrac_3of4,-8.975935,,2.809563483318814e-19,6.51307898405725e-19
0,nucleus_Zernike_9_7,-9.051295,,1.4128201178477975e-19,3.351340744662217e-19
0,cell_Zernike_4_0,-9.63363,,5.765580017239923e-22,1.4343638091670053e-21
0,nucleus_Intensity_StdIntensity,-9.836525,,7.837103206724746e-23,1.9737889557677141e-22
0,cell_Zernike_6_0,-9.956757,,2.3562503584943753e-23,6.008438414160657e-23
0,nucleoplasm_Zernike_6_6,-10.077213,,6.967406162375795e-24,1.7991783001578e-23
0,nucleus_Intensity_MaxIntensityEdge,-10.851941,,1.9523540659781464e-27,5.3104030594605575e-27
0,nucleus_Zernike_6_2,-10.86711,,1.6535458344043654e-27,4.5584236516012235e-27
0,nucleoplasm_Intensity_MADIntensity,-11.414965,,3.5204738182508805e-30,1.0259666556045423e-29
0,nucleus_Intensity_StdIntensityEdge,-11.750739,,7.000420324359549e-32,2.1314712629393255e-31
0,nucleus_Zernike_8_4,-11.949417,,6.53818207112851e-33,2.0208926401669942e-32
0,cytoplasm_Intensity_StdIntensityEdge,-12.066337,,1.5905948447832276e-33,4.9920207436273606e-33
0,nucleoplasm_Intensity_MaxIntensity,-12.125511,,7.73762678026307e-34,2.4663685362088537e-33
0,nucleus_Intensity_MaxIntensity,-12.162551,,4.919777626413345e-34,1.5930708504576545e-33
0,nucleoplasm_Zernike_2_2,-12.224737,,2.2932184975665356e-34,7.545428604896343e-34
0,cytoplasm_Compactness,-12.36123,,4.236235059980021e-35,1.416708118419548e-34
0,cell_Contrast_3_02_256,-12.401659,,2.559696937078302e-35,8.850477545152095e-35
0,cell_Zernike_4_2,-12.420329,,2.0272488757683725e-35,7.130323632012896e-35
0,nucleoplasm_Zernike_4_4,-12.477773,,9.870966131579126e-36,3.532766826038845e-35
0,lipid_Intensity_UpperQuartileIntensity,-12.552193,,3.866544695627082e-36,1.4085269962641512e-35
0,cell_RadialDistribution_ZernikeMagnitude_5_3,-12.627365,,1.4919069646595375e-36,5.636092977602697e-36
0,nucleus_Intensity_MeanIntensityEdge,-12.642648,,1.2284578028178484e-36,4.728403618393228e-36
0,cytoplasm_Intensity_MeanIntensityEdge,-13.0979,,3.3849174251471366e-39,1.3539669700588546e-38
0,cell_RadialDistribution_ZernikeMagnitude_7_5,-13.17168,,1.2772270091845048e-39,5.21108619747278e-39
0,cell_RadialDistribution_ZernikeMagnitude_9_7,-13.907297,,5.720071687204888e-44,2.4827545195527597e-43
0,nucleus_Zernike_2_0,-14.279961,,2.91764984548448e-46,1.3226679299529644e-45
0,nucleoplasm_Intensity_StdIntensity,-14.388146,,6.142002465363068e-47,2.847655688486513e-46
0,cell_RadialDistribution_MeanFrac_4of4,-14.401397,,5.070828783848323e-47,2.4056955160582743e-46
0,cell_Intensity_MADIntensity,-14.817388,,1.1309789453055615e-49,5.6273098742032816e-49
0,cell_RadialDistribution_ZernikeMagnitude_5_1,-14.961974,,1.3010899680962033e-50,6.805701371580141e-50
0,nucleoplasm_Zernike_2_0,-15.023181,,5.176276550217659e-51,2.7788432006431643e-50
0,nucleoplasm_HuMoment_1,-15.187605,,4.2724669648585176e-52,2.4210646134198264e-51
0,cytoplasm_Intensity_LowerQuartileIntensity,-15.236013,,2.0393931214141343e-52,1.1886748479099526e-51
0,nucleus_Compactness,-15.370248,,2.591749244082201e-53,1.5550495464493206e-52
0,cell_Variance_3_01_256,-15.560269,,1.3552786901617523e-54,8.639901649781171e-54
0,cell_Compactness,-16.054443,,5.321338631474089e-58,3.6185102694023807e-57
0,cell_RadialDistribution_ZernikeMagnitude_9_5,-16.760248,,4.7663607790525484e-63,4.051406662194666e-62
0,cell_RadialDistribution_ZernikeMagnitude_8_0,-17.678581,,6.13189340500905e-70,5.43872284618194e-69
0,cytoplasm_Intensity_MADIntensity,-17.943476,,5.39721433173154e-72,5.0046896530601555e-71
0,cell_RadialDistribution_ZernikeMagnitude_9_3,-18.366016,,2.4580798344970636e-75,2.387848982082862e-74
0,cell_DifferenceEntropy_3_02_256,-18.434074,,7.000723205168999e-76,7.140737669272379e-75
0,cytoplasm_Intensity_StdIntensity,-18.851984,,2.830223340430461e-79,3.0387661128832317e-78
0,cell_RadialDistribution_ZernikeMagnitude_7_3,-18.938713,,5.471755626356908e-80,6.201323043204495e-79
0,cell_RadialDistribution_ZernikeMagnitude_9_1,-19.266432,,1.0278188651228155e-82,1.397833656567029e-81
0,cell_RadialDistribution_ZernikeMagnitude_4_0,-19.30046,,5.323174866916582e-83,7.756626234649876e-82
0,cell_RadialDistribution_ZernikeMagnitude_7_1,-19.36355,,1.567025270166228e-83,2.459024270107004e-82
0,cell_RadialDistribution_FracAtD_4of4,-19.96674,,1.0722829577290744e-88,1.8228810281394265e-87
0,cell_RadialDistribution_ZernikeMagnitude_6_0,-20.444126,,6.776101539620066e-93,1.256658830984085e-91
0,cell_RadialDistribution_ZernikeMagnitude_8_4,-20.592289,,3.218054595629711e-94,6.56483137508461e-93
0,cell_RadialDistribution_ZernikeMagnitude_8_6,-20.627447,,1.556545396885272e-94,3.528169566273283e-93
0,cell_RadialDistribution_ZernikeMagnitude_8_8,-20.694979,,3.844036928398014e-95,9.802294167414936e-94
0,cell_RadialDistribution_ZernikeMagnitude_8_2,-21.037376,,2.9843432713654705e-98,8.697228962265085e-97
0,cell_RadialDistribution_ZernikeMagnitude_2_0,-21.181097,,1.4266935120716048e-99,5.820909529252148e-98
0,cell_RadialDistribution_ZernikeMagnitude_6_4,-22.83407,,2.1042489439481767e-115,1.0731669614135702e-113
0,cytoplasm_Eccentricity,-23.396755,,4.611332803010793e-121,3.1357063060473393e-119
0,cell_HuMoment_1,-23.648436,,1.2248996012395251e-123,1.2493975932643156e-121
0,cell_RadialDistribution_ZernikeMagnitude_2_2,-24.745724,,3.446971502166912e-135,7.031821864420501e-133
1,cell_HuMoment_1,30.507751,,2.0566360079455735e-204,4.19553745620897e-202
1,cytoplasm_Eccentricity,28.106873,,8.0733896993630785e-174,5.489904995566893e-172
1,cell_Compactness,27.81789,,2.6358251380285e-170,1.075416656315628e-168
1,cell_RadialDistribution_FracAtD_4of4,27.663048,,1.9444539937799177e-168,6.61114357885172e-167
1,cell_RadialDistribution_ZernikeMagnitude_7_3,25.174564,,7.6092214996438845e-140,1.7247568732526136e-138
1,cell_RadialDistribution_ZernikeMagnitude_7_1,24.834658,,3.787908302285843e-136,7.72733293666312e-135
1,cell_RadialDistribution_ZernikeMagnitude_8_8,24.530107,,7.05247396293228e-133,1.3079133531256228e-131
1,cell_RadialDistribution_ZernikeMagnitude_8_4,24.351501,,5.588867911892075e-131,9.501075450216528e-130
1,cell_RadialDistribution_ZernikeMagnitude_9_3,24.344215,,6.675806636032925e-131,1.0475881182697823e-129
1,cell_RadialDistribution_ZernikeMagnitude_8_2,23.542845,,1.486144333455596e-122,2.1655246001781537e-121
1,cell_RadialDistribution_ZernikeMagnitude_8_6,23.363743,,9.991856001746126e-121,1.358892416237473e-119
1,cell_RadialDistribution_ZernikeMagnitude_6_4,22.907497,,3.911865662243367e-116,4.987628719360293e-115
1,cell_RadialDistribution_ZernikeMagnitude_9_5,22.500353,,4.1176667728980735e-112,4.9412001274776884e-111
1,cell_RadialDistribution_ZernikeMagnitude_9_1,22.420862,,2.463649983724133e-111,2.6451820877880163e-110
1,cell_RadialDistribution_ZernikeMagnitude_5_1,21.970413,,5.526338434330043e-107,5.636865203016644e-106
1,cell_RadialDistribution_ZernikeMagnitude_8_0,21.74461,,7.769160116313093e-105,7.547184112989861e-104
1,cell_RadialDistribution_ZernikeMagnitude_7_5,20.46439,,4.472503722841692e-93,4.147230724816841e-92
1,cytoplasm_InertiaTensorEigenvalues_0,20.374962,,2.7893286936012632e-92,2.474013276063729e-91
1,cell_RadialDistribution_ZernikeMagnitude_5_3,20.110323,,5.993241639741481e-90,5.094255393780259e-89
1,cell_RadialDistribution_ZernikeMagnitude_2_2,20.052195,,1.931327719398022e-89,1.575963419028786e-88
1,cell_RadialDistribution_ZernikeMagnitude_6_0,19.962769,,1.1610070266730177e-88,9.10943974774214e-88
1,cell_RadialDistribution_ZernikeMagnitude_9_7,19.055492,,5.915626052191643e-81,4.3099561237396254e-80
1,cell_RadialDistribution_ZernikeMagnitude_4_0,16.231989,,2.9959665271830037e-59,1.9099286610791648e-58
1,nucleus_Zernike_2_0,15.04724,,3.599389535341434e-51,2.1596337212048606e-50
1,cell_RadialDistribution_MeanFrac_4of4,14.788895,,1.7276830841332032e-49,1.0069924261804955e-48
1,cell_RadialDistribution_ZernikeMagnitude_5_5,14.204222,,8.625617398434808e-46,4.8878498591130576e-45
1,cell_RadialDistribution_ZernikeMagnitude_3_1,14.106431,,3.466861040646046e-45,1.9114585197075499e-44
1,cell_RadialDistribution_ZernikeMagnitude_9_9,13.793435,,2.7914616738080266e-43,1.46014918322266e-42
1,cell_RadialDistribution_ZernikeMagnitude_7_7,13.457336,,2.787848913763405e-41,1.4218029460193367e-40
1,nucleoplasm_Zernike_2_0,13.003741,,1.1650191246195996e-38,5.79668052249752e-38
1,cell_RadialDistribution_MeanFrac_3of4,12.02774,,2.540192817659111e-33,1.151554077338797e-32
1,nucleus_Zernike_6_2,11.697438,,1.3135955862744046e-31,5.701563821276139e-31
1,cell_RadialDistribution_ZernikeMagnitude_3_3,11.587476,,4.769843858731666e-31,1.985812545267877e-30
1,nucleoplasm_Zernike_2_2,11.071611,,1.7227392219944764e-28,7.028776025737464e-28
1,nucleoplasm_HuMoment_1,10.826017,,2.591840742963622e-27,1.0367362971854489e-26
1,cell_Intensity_IntegratedIntensityEdge,10.801839,,3.373775166005078e-27,1.323557949740454e-26
1,cell_RadialDistribution_ZernikeMagnitude_2_0,10.636564,,2.0142080836880987e-26,7.752800925893813e-26
1,cell_Zernike_6_0,10.517161,,7.201016757890261e-26,2.720384108536321e-25
1,nucleus_Zernike_8_4,9.524269,,1.6620762949580476e-21,5.6510594028573614e-21
1,nucleoplasm_Zernike_6_2,9.501084,,2.0771652128850296e-21,6.946585302107313e-21
1,cytoplasm_Zernike_8_6,9.037801,,1.5985605284382188e-19,5.095411684396822e-19
1,nucleoplasm_Zernike_4_4,9.011386,,2.0346832519894342e-19,6.385775129320686e-19
1,cell_Zernike_7_1,8.33596,,7.687148195197402e-17,2.3405645251048805e-16
1,cytoplasm_Intensity_MADIntensity,8.278495,,1.2474146935280386e-16,3.742244080584116e-16
1,cell_Intensity_MADIntensity,7.5417128,,4.6383891763801685e-14,1.371349843451528e-13
1,nucleoplasm_Intensity_MADIntensity,7.356565,,1.8870334407996815e-13,5.499354598901929e-13
1,cell_Zernike_8_2,7.284112,,3.2379594892667275e-13,9.303432898738203e-13
1,cell_Zernike_8_0,7.262252,,3.8069820628222037e-13,1.0786449177996244e-12
1,nucleus_Intensity_MeanIntensityEdge,6.855357,,7.113455630949579e-12,1.961006687450965e-11
1,lipid_Intensity_MinIntensity,6.670913,,2.5421668228972377e-11,6.914693758280486e-11
1,cytoplasm_Intensity_LowerQuartileIntensity,6.580202,,4.6980875131875974e-11,1.2446881203769738e-10
1,nucleoli_Intensity_UpperQuartileIntensity,6.558839,,5.4228297899900143e-11,1.418278560458927e-10
1,nucleoplasm_Solidity,6.5131316,,7.359993197232563e-11,1.90055520536132e-10
1,cytoplasm_Compactness,6.111619,,9.862534494606394e-10,2.424044622770728e-09
1,nucleoplasm_Zernike_8_4,6.092243,,1.113393788933669e-09,2.7039563445531963e-09
1,cell_Zernike_6_2,6.003064,,1.9362805450074526e-09,4.593037571878144e-09
1,cell_Zernike_7_3,5.662826,,1.4890017885098964e-08,3.375070720622432e-08
1,cell_RadialDistribution_ZernikeMagnitude_1_1,5.577373,,2.4417782991468685e-08,5.473876626658914e-08
1,nucleoplasm_Intensity_StdIntensity,5.4177284,,6.036096144267851e-08,1.3240468961619803e-07
1,cell_Zernike_5_1,5.3408046,,9.253504878813326e-08,1.9870684160820194e-07
1,nucleoplasm_Zernike_6_6,5.1299047,,2.8988883360790074e-07,6.160137714167891e-07
1,nucleus_Zernike_8_6,4.9793687,,6.379205212281016e-07,1.3279161870462522e-06
1,nucleoli_Intensity_MaxIntensityEdge,4.9117184,,9.028165479367089e-07,1.8417457577908863e-06
1,cell_Zernike_8_4,4.842412,,1.2827235903760655e-06,2.5908476478882906e-06
1,nucleus_Intensity_StdIntensity,4.684838,,2.801818469213505e-06,5.495874689611106e-06
1,nucleus_Zernike_4_2,4.620748,,3.823588762089498e-06,7.4286867377738825e-06
1,cytoplasm_Intensity_MassDisplacement,4.4938107,,6.9959791753636736e-06,1.3463959922398012e-05
1,cell_DifferenceEntropy_3_02_256,4.218573,,2.458533048161236e-05,4.6872966525690857e-05
1,cell_Correlation_3_01_256,4.073833,,4.624562392192531e-05,8.655144293644737e-05
1,cytoplasm_Intensity_StdIntensity,4.0518904,,5.080549007389866e-05,9.422109068250297e-05
1,nucleoli_Intensity_StdIntensityEdge,3.8265,,0.0001299781195084727,0.00023674586053328952
1,cytoplasm_Zernike_6_4,3.7757418,,0.0001595322354404702,0.0002854787371039993
1,cell_Granularity_4,3.5043957,,0.00045764474675992375,0.0007845338515884406
1,nucleoplasm_FormFactor,3.4776504,,0.0005058293654328793,0.0008528032276719619
1,cell_Granularity_5,3.2905152,,0.0010000411928549906,0.0016722000273968695
1,lipid_Intensity_MassDisplacement,3.2636042,,0.001100047586096199,0.0018244691671839399
1,cell_Zernike_9_3,2.697893,,0.006977989472013739,0.010866487422067196
1,nucleoplasm_Zernike_8_6,2.6737971,,0.007499780346842352,0.01159056962693818
1,nucleus_Intensity_MaxIntensity,2.3414252,,0.019210274065706672,0.02860507963068731
1,cell_Variance_3_01_256,2.325527,,0.020043797472651212,0.029629961481310484
1,cell_Granularity_3,2.109328,,0.034916285298677685,0.05087801572093034
1,lipid_Intensity_UpperQuartileIntensity,2.1019998,,0.03555328870567071,0.05139522281229405
1,nucleoplasm_Zernike_8_8,2.071487,,0.038313318831663105,0.0542772016781894
1,cytoplasm_Intensity_StdIntensityEdge,2.0401874,,0.04133167548893039,0.0573582435356585
1,nucleus_Zernike_9_7,2.0232954,,0.04304269671719756,0.05932912250208312
1,cell_Zernike_8_8,2.0057411,,0.04488387041317929,0.0614517420422052
1,nucleoli_Intensity_MADIntensity,1.9917889,,0.0463942318466657,0.06309615531146534
1,nucleus_Compactness,1.9719574,,0.04861446118604915,0.06503385461540073
1,cell_Zernike_9_5,1.8394724,,0.065845733110576,0.08666148099714518
1,nucleus_Zernike_7_3,1.7709942,,0.07656166893302024,0.09892103925137531
1,nucleus_Intensity_MinIntensityEdge,1.7690483,,0.07688581302169799,0.09892103925137531
1,cell_Zernike_4_0,1.6441398,,0.10014734324621041,0.12689477032439084
1,cell_Zernike_9_1,1.5690372,,0.11663925871789879,0.14687906653365035
1,cell_InfoMeas2_3_01_256,1.5473428,,0.1217806005996295,0.15241253081180625
1,nucleus_Solidity,1.395192,,0.162957948785461,0.20147528213475177
1,nucleus_Zernike_7_5,1.3573923,,0.17465657660543854,0.21335294387730216
1,nucleoplasm_Intensity_MaxIntensity,1.2469743,,0.21240691115627364,0.2563965081413007
1,nucleus_Zernike_6_4,1.2383214,,0.21559691339950082,0.258716296079401
1,nucleoplasm_Zernike_6_0,1.1298492,,0.25853975400019424,0.30664017334906757
1,nucleoplasm_HuMoment_0,1.0647659,,0.2869818558524053,0.33646148617178556
1,cell_RadialDistribution_RadialCV_1of4,1.0540016,,0.2918822115007571,0.3402512636923112
1,cytoplasm_EulerNumber,0.9270643,,0.35389315930449894,0.39886300827689386
1,nucleoplasm_Zernike_8_0,0.80675125,,0.41980979467104484,0.4679846891414926
1,nucleus_Intensity_StdIntensityEdge,0.7289991,,0.46600221180136703,0.5138618984188047
1,nucleus_Zernike_8_0,0.48638582,,0.6266936451257203,0.676431236008714
1,cell_Zernike_5_3,0.44548106,,0.6559721510137586,0.7043069410884566
1,cytoplasm_Zernike_6_6,0.42966565,,0.6674388774608231,0.7128666544607744
1,cell_Intensity_MinIntensityEdge,0.38457933,,0.7005491184847286,0.7366598977880652
1,cell_InfoMeas1_3_01_256,0.26795104,,0.7887369933657258,0.8209303400337146
1,cell_RadialDistribution_RadialCV_4of4,0.061357148,,0.9510747786434461,0.9604913606102129
1,nucleus_to_cell_area_ratio,-0.03891749,,0.9689561724934321,0.9689561724934321
1,nucleoplasm_Zernike_7_1,-0.051255163,,0.9591221968430993,0.9638469367290259
1,cell_RadialDistribution_RadialCV_2of4,-0.09323637,,0.9257157822794039,0.9395324357462606
1,nucleoplasm_Zernike_9_7,-0.09630009,,0.9232822429264933,0.9395324357462606
1,nucleus_InertiaTensorEigenvalues_0,-0.15037055,,0.8804722705472507,0.9025946894052219
1,nucleus_Zernike_9_5,-0.19765116,,0.8433180005309288,0.8688730914561085
1,nucleus_Intensity_MaxIntensityEdge,-0.20477223,,0.8377500786139556,0.8675178479048068
1,cell_Contrast_3_02_256,-0.31506607,,0.7527114981062455,0.7874520287880722
1,nucleoplasm_Zernike_9_1,-0.3897545,,0.6967180788880487,0.736427399446435
1,nucleoplasm_Zernike_7_3,-0.40300304,,0.6869459993708402,0.7298801243315177
1,nucleoplasm_Zernike_6_4,-0.5011248,,0.6162833080394535,0.6687329512768538
1,cytoplasm_Zernike_7_5,-0.5983357,,0.5496159597685337,0.5995810470202186
1,nucleoplasm_Zernike_4_2,-0.68825996,,0.4912891021543154,0.5388332088144104
1,cell_Zernike_4_2,-0.7391011,,0.45984561586264194,0.5098288349781465
1,nucleoplasm_Zernike_7_5,-0.86901927,,0.3848365956895923,0.4313553050586638
1,nucleoplasm_Zernike_9_9,-0.9517396,,0.34122904696920997,0.3867262532317713
1,lipid_count,-0.956211,,0.3389656444336475,0.38630721488527425
1,nucleoplasm_Zernike_9_5,-0.9683831,,0.3328530943606953,0.3814720856718081
1,nucleus_Zernike_5_3,-0.99736416,,0.3185877746753265,0.36718590979529153
1,cytoplasm_Zernike_8_4,-1.0039884,,0.3153841918606749,0.36555894965669133
1,nucleoplasm_EulerNumber,-1.1120466,,0.2661181306857203,0.31380403849645633
1,nucleus_Zernike_6_0,-1.2146397,,0.22450354423773955,0.26782878961695245
1,nucleus_Zernike_5_1,-1.2497482,,0.21139153171162828,0.2563965081413007
1,cytoplasm_Zernike_9_7,-1.37859,,0.16802121239950785,0.2064838995752988
1,nucleoplasm_Zernike_5_1,-1.5021323,,0.13306294635732857,0.1655173235176526
1,cell_Intensity_MeanIntensityEdge,-1.7617202,,0.07811657833793448,0.09959863738086647
1,nucleoplasm_Zernike_7_7,-1.7677648,,0.07710022176945429,0.09892103925137531
1,nucleus_Intensity_MassDisplacement,-1.8046951,,0.07112241116230009,0.09300622998146935
1,cell_Intensity_MaxIntensityEdge,-1.8875396,,0.05908777932175685,0.07827212325739219
1,nucleoplasm_MaximumRadius_um,-1.9705498,,0.04877539096155055,0.06503385461540073
1,nucleus_FormFactor,-1.9719574,,0.04861446118604915,0.06503385461540073
1,cell_Granularity_2,-2.055423,,0.039838159110398126,0.05566427711315902
1,nucleoplasm_Zernike_5_3,-2.061716,,0.03923477180546242,0.055199265160788505
1,nucleus_Zernike_3_1,-2.0946717,,0.03620018019003771,0.05164221509627758
1,cytoplasm_Zernike_9_5,-2.0994744,,0.035775106075224286,0.05139522281229405
1,nucleoplasm_Intensity_IntegratedIntensityEdge,-2.2954695,,0.021706234805661116,0.031856632376653725
1,nucleoplasm_Intensity_IntegratedIntensity,-2.431598,,0.015032386579858155,0.022548579869787234
1,nucleus_Zernike_9_1,-2.4716747,,0.013448186239297479,0.020321703650493968
1,nucleoplasm_Zernike_9_3,-2.5188725,,0.011773131021992872,0.01792327409318318
1,nucleus_Zernike_9_3,-2.5903316,,0.00958835369443459,0.01470694852379441
1,cytoplasm_Intensity_MeanIntensityEdge,-2.969156,,0.002986189130417418,0.004686019866193487
1,lipid_Intensity_MADIntensity,-3.0247998,,0.0024879777771941725,0.003934476484865203
1,cell_Intensity_StdIntensityEdge,-3.0302649,,0.0024433942678952747,0.003894159614458094
1,nucleoplasm_Zernike_8_2,-3.06587,,0.002170375529228856,0.0034862725036432017
1,nucleus_Zernike_7_1,-3.1446989,,0.0016625792904842386,0.0026917950417363863
1,nucleoli_Intensity_MassDisplacement,-3.1798902,,0.0014733091233506688,0.0024044404893082912
1,nucleoplasm_Zernike_3_3,-3.2284956,,0.001244431868931627,0.0020472911392100963
1,nucleoplasm_Compactness,-3.4776504,,0.0005058293654328793,0.0008528032276719619
1,nucleoplasm_Zernike_5_5,-3.5737848,,0.0003518581662216234,0.0006082971687221285
1,nucleoplasm_Zernike_3_1,-3.6678493,,0.00024459938178867383,0.00042648097337512364
1,cell_Zernike_3_1,-3.70834,,0.00020862247015060125,0.000366887792333816
1,nucleoplasm_Zernike_1_1,-3.7220025,,0.00019764909913132304,0.00035061231498078173
1,cytoplasm_Zernike_4_2,-3.7891557,,0.00015116007697954146,0.0002728907584409421
1,cell_RadialDistribution_MeanFrac_2of4,-4.0018773,,6.284192160265718e-05,0.00011549326132380239
1,nucleus_Zernike_8_2,-4.1351075,,3.547885647697378e-05,6.701561778983937e-05
1,cytoplasm_Zernike_4_4,-4.696099,,2.6517713220994088e-06,5.252051938915334e-06
1,cytoplasm_Zernike_5_3,-4.739405,,2.143467023910333e-06,4.286934047820666e-06
1,cytoplasm_MaximumRadius_um,-4.9688525,,6.735024790632596e-07,1.3878232901909592e-06
1,cell_DifferenceVariance_3_02_256,-5.116822,,3.107268626773537e-07,6.534874225379398e-07
1,nucleoli_Intensity_IntegratedIntensityEdge,-5.387588,,7.140943237288163e-08,1.549736617454027e-07
1,cell_Zernike_9_9,-5.4408307,,5.303271165147823e-08,1.1759427366197347e-07
1,cell_RadialDistribution_RadialCV_3of4,-5.671603,,1.4146744167651954e-08,3.242624505843819e-08
1,cell_RadialDistribution_MeanFrac_1of4,-5.7859545,,7.210183559700448e-09,1.671451643385104e-08
1,cell_Zernike_5_5,-5.9940386,,2.046927302775913e-09,4.799691606509038e-09
1,nucleoli_Intensity_IntegratedIntensity,-6.072122,,1.26230966149103e-09,3.0295431875784716e-09
1,cytoplasm_FormFactor,-6.111619,,9.862534494606394e-10,2.424044622770728e-09
1,cell_Zernike_7_7,-6.359035,,2.0302516354281624e-10,5.113226341078335e-10
1,nucleolus_to_nucleus_area_ratio,-6.388016,,1.6805165283143082e-10,4.285317147201486e-10
1,cytoplasm_Zernike_7_3,-6.63891,,3.160119084126102e-11,8.482424910022694e-11
1,nucleoplasm_Zernike_4_0,-6.8695993,,6.438247547953054e-12,1.7991815065512645e-11
1,cytoplasm_Zernike_8_2,-8.495605,,1.969042795180948e-17,6.086132276013838e-17
1,cytoplasm_Zernike_9_3,-9.069348,,1.1973095375893807e-19,3.877002312194185e-19
1,cytoplasm_Zernike_6_2,-9.143705,,6.034822902026091e-20,1.985651406473101e-19
1,nucleoplasm_Zernike_0_0,-9.613116,,7.038553088390122e-22,2.4336692034433637e-21
1,cell_AngularSecondMoment_3_01_256,-9.703538,,2.912218387353997e-22,1.024297501758992e-21
1,cell_Zernike_3_3,-9.925036,,3.2398490640465324e-23,1.1595249281850747e-22
1,nucleus_Zernike_4_0,-10.230497,,1.447742204359728e-24,5.27391803016758e-24
1,cytoplasm_Zernike_9_1,-10.29881,,7.133846604233526e-25,2.6460085586611622e-24
1,cytoplasm_Zernike_3_1,-11.658769,,2.070135369146515e-31,8.79807531887269e-31
1,cytoplasm_Zernike_8_0,-11.718636,,1.0230625883564214e-31,4.5370601744502164e-31
1,cytoplasm_Zernike_2_2,-12.301736,,8.864853853481905e-35,4.110068604796156e-34
1,cytoplasm_Zernike_6_0,-12.481915,,9.370507357981224e-36,4.4455430256469063e-35
1,cell_Granularity_1,-12.760797,,2.7141188158633266e-37,1.3182862819907587e-36
1,cytoplasm_Zernike_4_0,-14.080431,,5.0103624204396345e-45,2.6897735099202247e-44
1,cytoplasm_Zernike_7_1,-16.02556,,8.472448635597988e-58,5.237513702006029e-57
1,cell_Zernike_1_1,-16.293344,,1.1004191589935526e-59,7.241468014022088e-59
1,cytoplasm_Zernike_5_1,-16.90816,,3.917580947278432e-64,2.6639550441493337e-63
1,cytoplasm_Solidity,-17.094797,,1.6225980091502897e-65,1.1414137719539969e-64
1,cell_Solidity,-19.273514,,8.963787725446856e-83,6.772639614782069e-82
1,cytoplasm_Zernike_2_0,-22.481226,,6.336503517694202e-112,7.181370653386762e-111
1,cell_RadialDistribution_FracAtD_3of4,-25.976597,,9.106049360289948e-149,2.3220425868739367e-147
1,cell_RadialDistribution_FracAtD_1of4,-26.396076,,1.5198921834797724e-153,4.4294000775696225e-152
1,cell_FormFactor,-27.81789,,2.6358251380285e-170,1.075416656315628e-168
1,cell_Zernike_2_0,-29.468075,,7.387528348144572e-191,7.535278915107463e-189
2,cell_Zernike_4_2,13.501301,,1.5363889814901877e-41,3.1342335222399826e-39
2,cell_Zernike_4_0,10.731825,,7.21568218692025e-27,4.1867968470634e-25
2,cell_RadialDistribution_MeanFrac_4of4,10.5439,,5.42034345901055e-26,2.2115001312763044e-24
2,cell_Intensity_StdIntensityEdge,10.148516,,3.364421616177239e-24,9.283320571637508e-23
2,cell_Intensity_MaxIntensityEdge,9.620663,,6.540816051482485e-22,1.3343264745024271e-20
2,cell_Intensity_MeanIntensityEdge,9.543418,,1.3820136368046116e-21,2.3494231825678397e-20
2,cell_RadialDistribution_ZernikeMagnitude_6_4,9.4433975,,3.60884190494057e-21,5.663105758522126e-20
2,nucleoplasm_Zernike_4_0,9.086049,,1.027037258617692e-19,1.2324447103412306e-18
2,cell_RadialDistribution_ZernikeMagnitude_8_6,8.866381,,7.556213661424311e-19,8.563708816280885e-18
2,cell_RadialDistribution_ZernikeMagnitude_2_2,8.793502,,1.4496933905235618e-18,1.5565129035095084e-17
2,nucleus_to_cell_area_ratio,8.426667,,3.55648354029165e-17,3.15444627051955e-16
2,nucleus_Zernike_4_0,8.206247,,2.2820825765088516e-16,1.939770190032524e-15
2,lipid_Intensity_MADIntensity,7.882568,,3.207209465780103e-15,2.6170829240765643e-14
2,nucleoplasm_EulerNumber,7.706758,,1.2905434341960518e-14,9.402530734856948e-14
2,cytoplasm_Zernike_4_2,7.65393,,1.9492788916829736e-14,1.3712168755287124e-13
2,cell_RadialDistribution_ZernikeMagnitude_4_0,7.5587,,4.071177639428088e-14,2.595375745135406e-13
2,cytoplasm_EulerNumber,7.50606,,6.093336056642414e-14,3.6560016339854485e-13
2,cell_RadialDistribution_ZernikeMagnitude_8_8,7.013896,,2.3177203655102707e-12,1.2778782555786358e-11
2,cell_RadialDistribution_ZernikeMagnitude_2_0,6.978771,,2.977725724583754e-12,1.5216881528950843e-11
2,nucleoplasm_Zernike_0_0,6.8584657,,6.960411249501711e-12,3.463229011947193e-11
2,cell_RadialDistribution_FracAtD_4of4,6.8306665,,8.452099239621967e-12,4.009833127634607e-11
2,nucleoplasm_FormFactor,6.801083,,1.0383547223373022e-11,4.510434246531596e-11
2,cell_InfoMeas1_3_01_256,6.8000503,,1.0458279701598419e-11,4.510434246531596e-11
2,cell_RadialDistribution_ZernikeMagnitude_6_0,6.490598,,8.549616106831849e-11,3.3540801649878797e-10
2,cell_Contrast_3_02_256,6.258627,,3.883818859935977e-10,1.4405437225944351e-09
2,cytoplasm_Intensity_LowerQuartileIntensity,6.1034784,,1.037846271788204e-09,3.650355852496442e-09
2,cell_Granularity_3,6.0788727,,1.2103055886267256e-09,4.115039001330867e-09
2,cytoplasm_Eccentricity,5.9995136,,1.9790917114697684e-09,6.618601789177587e-09
2,cytoplasm_Zernike_8_6,5.89245,,3.805110364447618e-09,1.2321309751544667e-08
2,cell_Granularity_2,5.529091,,3.2189473063868726e-08,1.010254231542957e-07
2,cell_Granularity_4,5.5231743,,3.3292952042021685e-08,1.029054881298852e-07
2,cell_HuMoment_1,5.47462,,4.384520272617271e-08,1.3349882621103334e-07
2,cytoplasm_Zernike_6_4,5.2345715,,1.6536796647457825e-07,4.889139878378835e-07
2,cell_RadialDistribution_ZernikeMagnitude_8_4,4.9473777,,7.521989234298091e-07,2.1612476109814235e-06
2,cell_RadialDistribution_ZernikeMagnitude_8_2,4.8406897,,1.293892542042303e-06,3.6660288691198583e-06
2,lipid_Intensity_MassDisplacement,4.8353367,,1.329205587989133e-06,3.714492328079221e-06
2,cell_DifferenceEntropy_3_02_256,4.702352,,2.5718148805857303e-06,6.995336475193186e-06
2,nucleus_Zernike_8_2,4.4504704,,8.56823321636587e-06,2.270025423556672e-05
2,cell_Intensity_MinIntensityEdge,4.265316,,1.9961942277052183e-05,4.96614173721786e-05
2,cell_Zernike_6_0,4.072836,,4.644410655052205e-05,0.00011016974111984301
2,cell_Zernike_6_2,3.7086315,,0.0002083823778747046,0.0004671429130377993
2,nucleoplasm_Zernike_7_1,3.687031,,0.0002268857379686351,0.0005003537977536287
2,lipid_Intensity_UpperQuartileIntensity,3.6856692,,0.00022810246662297777,0.0005003537977536287
2,nucleoplasm_Zernike_9_1,3.5062435,,0.0004544791830366394,0.0009558118900976746
2,cell_RadialDistribution_ZernikeMagnitude_7_1,3.4198413,,0.0006265769673662124,0.0012911282963909833
2,cell_Granularity_5,3.3016953,,0.0009610235625932465,0.001922047125186493
2,cell_RadialDistribution_ZernikeMagnitude_9_1,3.2675102,,0.0010849796476420038,0.002148891729310377
2,cell_Zernike_8_8,3.1618552,,0.0015676751083950257,0.0030457687820246216
2,nucleus_FormFactor,2.9795651,,0.0028865791363896576,0.005353292216577183
2,cytoplasm_Zernike_4_4,2.827234,,0.00469520001253304,0.008551971451399465
2,cell_RadialDistribution_ZernikeMagnitude_7_3,2.796148,,0.005171571492490966,0.009336288358125283
2,cytoplasm_Zernike_2_2,2.783845,,0.005371869155010993,0.009612818487914409
2,cytoplasm_Zernike_6_6,2.686079,,0.007229600499992331,0.012824682626073352
2,cell_RadialDistribution_ZernikeMagnitude_8_0,2.6216528,,0.008750450850402276,0.01525719635454756
2,nucleoplasm_Zernike_7_7,2.5126169,,0.01198393923312685,0.019875801654942096
2,cytoplasm_Zernike_8_0,2.429032,,0.015139193752688882,0.02456827798773207
2,nucleoplasm_Zernike_5_1,2.428187,,0.015174524639481574,0.02456827798773207
2,cell_Compactness,2.3541813,,0.01856355183774223,0.02958566074140168
2,cytoplasm_Zernike_2_0,2.2437367,,0.024849350241148278,0.03899436499380191
2,cell_RadialDistribution_ZernikeMagnitude_9_3,2.170952,,0.02993479375951692,0.04591502200707858
2,nucleus_Zernike_9_1,2.0545907,,0.03991855315901579,0.060321369218068306
2,cell_RadialDistribution_ZernikeMagnitude_9_5,1.7920967,,0.0731174735192,0.1050420042106817
2,cytoplasm_Zernike_9_1,1.7675848,,0.07713034711988842,0.10926799175317525
2,nucleoplasm_Zernike_3_1,1.6727301,,0.09438045132792407,0.1318740552801131
2,nucleoplasm_Solidity,1.5930897,,0.11114008046662126,0.1511505094346049
2,nucleoplasm_Zernike_8_0,1.5668873,,0.1171410576418496,0.15825679310554513
2,cell_AngularSecondMoment_3_01_256,1.5468832,,0.12189141378024337,0.16359110796822138
2,nucleoplasm_Zernike_9_9,1.5178633,,0.12904886654147674,0.17094784918481334
2,nucleus_Zernike_8_0,1.4518406,,0.14654591842815942,0.19187617872096027
2,nucleus_Zernike_5_1,1.4511832,,0.14672884255132254,0.19187617872096027
2,cell_Zernike_2_0,1.2826048,,0.1996305645236508,0.25612978089826893
2,nucleoplasm_Intensity_MaxIntensity,1.1427176,,0.25315586761415376,0.32076892542414515
2,cytoplasm_Zernike_9_3,1.1043531,,0.26944000773299137,0.3392948245526558
2,nucleus_Zernike_9_3,1.0700738,,0.28458604810786614,0.3540498616491491
2,nucleoplasm_Zernike_8_8,1.0079018,,0.3135016099945652,0.3852670387885018
2,nucleoplasm_Zernike_9_3,0.9966319,,0.31894320267514786,0.3896072655432944
2,nucleoplasm_Zernike_6_2,0.9796332,,0.32726720521564734,0.3950444370650417
2,cell_RadialDistribution_ZernikeMagnitude_5_1,0.93183017,,0.3514242894593238,0.42170914735118853
2,cell_RadialDistribution_ZernikeMagnitude_9_7,0.88327587,,0.3770872508478753,0.4498584746957109
2,nucleoplasm_Zernike_5_5,0.8540681,,0.39306725405684595,0.4661960455092824
2,cytoplasm_Zernike_8_4,0.7762121,,0.43762375868839354,0.5130761308760476
2,cell_Zernike_8_4,0.7703893,,0.44106897352889407,0.514160403427968
2,cell_RadialDistribution_ZernikeMagnitude_7_5,0.71676356,,0.47352000152220786,0.5457518661611886
2,nucleus_Intensity_MaxIntensityEdge,0.68797845,,0.4914663597001455,0.556995207660165
2,nucleus_Zernike_7_1,0.6687727,,0.5036404801561852,0.5676389942091812
2,cytoplasm_Intensity_MeanIntensityEdge,0.64566946,,0.5184934312773661,0.581168461431773
2,cytoplasm_Intensity_StdIntensity,0.6010596,,0.5478002992500941,0.6019800480907622
2,nucleoplasm_Zernike_6_4,0.58227646,,0.5603804689006667,0.6113241478916365
2,cell_Granularity_1,0.528275,,0.5973084616448516,0.6481432243380305
2,cytoplasm_FormFactor,0.41228932,,0.6801273827901109,0.7302420320483295
2,nucleus_Zernike_6_2,0.3875895,,0.6983198271825197,0.7458494489279268
2,nucleus_Zernike_2_0,0.3482389,,0.727660777337006,0.7685830036992489
2,cytoplasm_Intensity_StdIntensityEdge,0.34391877,,0.7309073662630112,0.7685830036992489
2,nucleolus_to_nucleus_area_ratio,0.22323729,,0.8233508331157882,0.8526069540894456
2,cell_Variance_3_01_256,0.070530586,,0.9437713571379213,0.953115628000673
2,nucleoplasm_Zernike_1_1,0.026578104,,0.9787962378811813,0.9787962378811813
2,cytoplasm_Zernike_9_5,-0.06226602,,0.9503509907888881,0.9550325227632176
2,cytoplasm_Zernike_6_0,-0.094009474,,0.9251016293133836,0.9389091163180608
2,cell_RadialDistribution_ZernikeMagnitude_5_3,-0.18135095,,0.8560921188323292,0.8732139612089758
2,cell_RadialDistribution_RadialCV_4of4,-0.18567106,,0.8527027220870294,0.8732139612089758
2,cell_Solidity,-0.19280864,,0.8471088323360314,0.8727787969522748
2,nucleus_Intensity_MaxIntensity,-0.25375983,,0.7996810977347178,0.8323211425402165
2,nucleus_Intensity_StdIntensityEdge,-0.2781779,,0.7808758064812938,0.816916228318892
2,cell_Intensity_IntegratedIntensityEdge,-0.37528658,,0.7074473459922275,0.7516628051167417
2,cytoplasm_Compactness,-0.41228932,,0.6801273827901109,0.7302420320483295
2,cell_RadialDistribution_ZernikeMagnitude_7_7,-0.59946305,,0.5488641614945184,0.6019800480907622
2,nucleoplasm_Zernike_6_0,-0.6252898,,0.5317808722873602,0.5895831410142471
2,cell_RadialDistribution_ZernikeMagnitude_5_5,-0.63402396,,0.5260651930694638,0.5864333299790744
2,nucleus_Zernike_9_5,-0.69882566,,0.4846609745760224,0.5523510548240702
2,nucleoplasm_Zernike_3_3,-0.7000466,,0.4838982106324815,0.5523510548240702
2,nucleus_Zernike_9_7,-0.7587438,,0.44800582259298305,0.5192794761873213
2,cell_RadialDistribution_ZernikeMagnitude_9_9,-0.819695,,0.4123899945065147,0.48628646751057225
2,nucleoplasm_Zernike_8_2,-0.9807602,,0.3267110104166109,0.3950444370650417
2,cell_Zernike_8_2,-1.033259,,0.3014827106681758,0.3727422604624719
2,cell_Zernike_9_5,-1.06998,,0.28462832014931594,0.3540498616491491
2,cell_Zernike_8_0,-1.2222171,,0.22162553760321912,0.2825725604441044
2,cell_Zernike_9_3,-1.3922982,,0.16383212134391223,0.21153008072251958
2,nucleoplasm_Zernike_2_0,-1.3999993,,0.16151354020544506,0.20986472740070566
2,nucleoplasm_Zernike_5_3,-1.5185207,,0.12888318600708895,0.17094784918481334
2,nucleoplasm_Zernike_9_5,-1.593747,,0.11099269905248033,0.1511505094346049
2,cell_Zernike_9_1,-1.6121545,,0.10692832128939452,0.14738768610159786
2,nucleus_Zernike_7_5,-1.657234,,0.09747217916781244,0.1352675139471683
2,cytoplasm_Zernike_7_1,-1.758475,,0.07866672954974528,0.11067595053895198
2,nucleus_Zernike_6_4,-1.7855226,,0.07417658319005668,0.10581834245294801
2,cell_RadialDistribution_ZernikeMagnitude_3_3,-1.8703284,,0.06143822997186929,0.08888935400185344
2,cytoplasm_Zernike_7_3,-1.880753,,0.06000552449789777,0.08743662141122246
2,cytoplasm_Intensity_MADIntensity,-1.8946055,,0.0581446778316865,0.08533463509110825
2,nucleoplasm_Zernike_9_7,-1.9067676,,0.05655068564639099,0.0835966657381432
2,cell_Zernike_3_1,-1.9795521,,0.047753870525897184,0.0711079531918469
2,nucleoplasm_MaximumRadius_um,-1.9831679,,0.04734867459546012,0.07102301189319019
2,nucleoplasm_Zernike_7_5,-2.1268117,,0.03343572498438318,0.05090214848368783
2,nucleus_Solidity,-2.18889,,0.02860483845918296,0.0442074776187373
2,cell_Zernike_5_1,-2.2080488,,0.027240875611914704,0.04242090553305801
2,nucleus_Zernike_5_3,-2.283369,,0.02240864047189852,0.03543691981602557
2,cell_FormFactor,-2.3541813,,0.01856355183774223,0.02958566074140168
2,cytoplasm_Zernike_5_1,-2.4384236,,0.014751476079767602,0.024268557421553153
2,cell_RadialDistribution_ZernikeMagnitude_3_1,-2.5498075,,0.010778242416792283,0.018022634860865784
2,lipid_Intensity_MinIntensity,-2.5619226,,0.010409452197211927,0.017549820233315975
2,cell_RadialDistribution_RadialCV_1of4,-2.5777943,,0.009943316832932146,0.016903638615984647
2,nucleus_Intensity_MassDisplacement,-2.5818326,,0.009827722159682284,0.016847523702312486
2,nucleoplasm_Zernike_7_3,-2.6042786,,0.009206791254256795,0.01591682555820666
2,cell_RadialDistribution_MeanFrac_3of4,-2.6766875,,0.0074353974132244805,0.013076043726705122
2,cytoplasm_Zernike_6_2,-2.8692143,,0.004114929113811473,0.007562572425383249
2,nucleus_Compactness,-2.9795651,,0.0028865791363896576,0.005353292216577183
2,cell_RadialDistribution_RadialCV_2of4,-3.0492504,,0.0022941316651680504,0.004333359811984096
2,cell_Zernike_7_3,-3.097335,,0.001952689466624441,0.0037228845905737003
2,cell_Zernike_7_1,-3.134338,,0.001722423809271777,0.0033148533687871935
2,nucleoplasm_Zernike_4_2,-3.1834557,,0.0014552835382995637,0.002854594632818375
2,nucleoplasm_Zernike_8_6,-3.3637736,,0.0007688457818889851,0.0015529162327262667
2,cytoplasm_Zernike_8_2,-3.4062235,,0.0006586824199361116,0.0013437121366696677
2,nucleoli_Intensity_MassDisplacement,-3.5016418,,0.0004624010594739991,0.0009625491442111818
2,nucleus_Zernike_6_0,-3.5776193,,0.00034673789636272424,0.000736818029770789
2,nucleus_Zernike_7_3,-3.6208205,,0.0002936701941141124,0.0006306181010450414
2,cell_RadialDistribution_ZernikeMagnitude_1_1,-3.6355653,,0.000277371762184481,0.0006019557392088737
2,cytoplasm_Intensity_MassDisplacement,-3.7629147,,0.0001679444563284882,0.00038067410101123996
2,cell_RadialDistribution_FracAtD_3of4,-3.8452787,,0.0001204154939909948,0.0002760085480243027
2,nucleoplasm_Zernike_6_6,-3.902849,,9.506703747013813e-05,0.00022038267777168383
2,cell_RadialDistribution_RadialCV_3of4,-4.0425954,,5.286281614077576e-05,0.0001239541895714742
2,cytoplasm_Zernike_7_5,-4.095658,,4.2097174724501374e-05,0.0001010332193388033
2,cell_DifferenceVariance_3_02_256,-4.1514435,,3.3038492791610074e-05,8.023633963676733e-05
2,cytoplasm_Zernike_9_7,-4.168912,,3.06057484620203e-05,7.522376730424267e-05
2,nucleus_Zernike_3_1,-4.3237786,,1.5337930593833447e-05,3.862886223632128e-05
2,nucleus_Zernike_8_6,-4.377968,,1.1979106195664909e-05,3.0546720798945516e-05
2,cytoplasm_Zernike_4_0,-4.3815365,,1.178452659772273e-05,3.043092944222072e-05
2,nucleoli_Intensity_StdIntensityEdge,-4.443427,,8.853724177358862e-06,2.3155894002323178e-05
2,cytoplasm_Zernike_3_1,-4.5327406,,5.822329586633115e-06,1.5628358364120466e-05
2,nucleoplasm_Zernike_8_4,-4.750249,,2.0316627967032454e-06,5.600800142263001e-06
2,cytoplasm_InertiaTensorEigenvalues_0,-5.0725675,,3.9248436156035964e-07,1.1438115679759053e-06
2,nucleoplasm_HuMoment_0,-5.4634438,,4.66985123748596e-08,1.4009553712457883e-07
2,nucleoplasm_Zernike_2_2,-5.7620015,,8.312231868072868e-09,2.6495239079482266e-08
2,cell_Zernike_9_9,-5.993315,,2.0560552553085335e-09,6.76508503359582e-09
2,nucleoplasm_Intensity_StdIntensity,-6.0991583,,1.0662847291166986e-09,3.6868149955899407e-09
2,cell_Zernike_5_5,-6.1045113,,1.031156128129402e-09,3.650355852496442e-09
2,nucleoli_Intensity_IntegratedIntensity,-6.20209,,5.571830427401965e-10,2.0297382271250013e-09
2,cell_Zernike_7_7,-6.2980714,,3.0137169935455525e-10,1.1385153086727642e-09
2,nucleus_Intensity_MinIntensityEdge,-6.344888,,2.2258687801319058e-10,8.567494927300165e-10
2,cytoplasm_Solidity,-6.554367,,5.587840448712669e-11,2.2351361794850676e-10
2,cell_InfoMeas2_3_01_256,-6.6887603,,2.2506929013461152e-11,9.18282703749215e-11
2,cell_Zernike_5_3,-6.792161,,1.1046604262218612e-11,4.598994427535912e-11
2,nucleoli_Intensity_IntegratedIntensityEdge,-6.797937,,1.0612786462427286e-11,4.510434246531596e-11
2,nucleoplasm_Compactness,-6.801083,,1.0383547223373022e-11,4.510434246531596e-11
2,nucleoplasm_Zernike_4_4,-6.808784,,9.842697974225568e-12,4.510434246531596e-11
2,nucleus_Zernike_8_4,-6.8348927,,8.206640653903353e-12,3.986082603324486e-11
2,cell_Zernike_1_1,-6.9784894,,2.9837022605785968e-12,1.5216881528950843e-11
2,cell_Zernike_3_3,-6.979241,,2.967790908530482e-12,1.5216881528950843e-11
2,cell_RadialDistribution_FracAtD_1of4,-7.1156063,,1.114218885155692e-12,6.313907015882254e-12
2,nucleoplasm_HuMoment_1,-7.1414332,,9.236280527508136e-13,5.383432078890456e-12
2,cytoplasm_Zernike_5_3,-7.507516,,6.025982778679663e-14,3.6560016339854485e-13
2,nucleus_InertiaTensorEigenvalues_0,-7.6289487,,2.3667559305206046e-14,1.5574780962135592e-13
2,lipid_count,-7.6369314,,2.2245955486498834e-14,1.5127249730819207e-13
2,cytoplasm_MaximumRadius_um,-7.7560167,,8.763858642204999e-15,6.621582085221554e-14
2,nucleoli_Intensity_MaxIntensityEdge,-7.846551,,4.276343497771702e-15,3.3552848982516436e-14
2,nucleoplasm_Intensity_IntegratedIntensity,-8.739688,,2.3375479877656434e-18,2.1675444977463238e-17
2,nucleoplasm_Intensity_MADIntensity,-8.759316,,1.9643785607427402e-18,1.9082534590072335e-17
2,cell_Intensity_MADIntensity,-8.770351,,1.7810928217995533e-18,1.8167146782355442e-17
2,nucleoli_Intensity_MADIntensity,-9.102672,,8.813645622596008e-20,1.123739816880991e-18
2,cell_RadialDistribution_MeanFrac_1of4,-9.180997,,4.2711690488542806e-20,5.8087899064418215e-19
2,nucleus_Intensity_StdIntensity,-9.428653,,4.1539014789955795e-21,6.052827869393558e-20
2,nucleus_Zernike_4_2,-9.549804,,1.299421871865404e-21,2.3494231825678397e-20
2,nucleus_Intensity_MeanIntensityEdge,-9.627472,,6.121700154034911e-22,1.3343264745024271e-20
2,cell_Correlation_3_01_256,-10.140815,,3.6405178712303955e-24,9.283320571637508e-23
2,cell_RadialDistribution_MeanFrac_2of4,-10.345832,,4.371026737937929e-25,1.486149090898896e-23
2,nucleoli_Intensity_UpperQuartileIntensity,-10.719897,,8.209405582477256e-27,4.1867968470634e-25
2,nucleoplasm_Intensity_IntegratedIntensityEdge,-11.195674,,4.2813409839985747e-29,4.366967803678546e-27
3,cell_Intensity_MADIntensity,19.774479,,4.939012031795145e-87,1.0075584544862096e-84
3,nucleus_Intensity_MeanIntensityEdge,19.106112,,2.2459108981843446e-81,2.2908291161480315e-79
3,nucleoplasm_Intensity_StdIntensity,17.52902,,8.603926477332016e-69,5.8506700045857706e-67
3,nucleus_Intensity_StdIntensity,16.802881,,2.3247159271777543e-63,1.1856051228606547e-61
3,cytoplasm_Intensity_StdIntensity,16.074545,,3.84812745103367e-58,1.3083633333514478e-56
3,cytoplasm_Intensity_MADIntensity,15.94586,,3.0442213431590754e-57,8.871730771492162e-56
3,cell_InfoMeas2_3_01_256,15.793665,,3.4399992409138823e-56,8.7719980643304e-55
3,nucleoplasm_Intensity_MADIntensity,15.417645,,1.2456326678330232e-53,2.3100824021630614e-52
3,cell_Variance_3_01_256,15.259908,,1.4144806186129831e-52,2.4046170516420712e-51
3,nucleoli_Intensity_UpperQuartileIntensity,15.250016,,1.645919740002336e-52,2.5828278996959737e-51
3,cytoplasm_Intensity_MeanIntensityEdge,15.235728,,2.0483078444974215e-52,2.9846771448390995e-51
3,nucleus_Intensity_StdIntensityEdge,14.021132,,1.1575219822363284e-44,1.4758405273513186e-43
3,nucleus_Compactness,13.034853,,7.751626699511238e-39,8.322799193159435e-38
3,cell_DifferenceEntropy_3_02_256,12.161633,,4.975449838834971e-34,5.0749588356116705e-33
3,cytoplasm_Zernike_2_2,12.029268,,2.493613069363544e-33,2.422366981667443e-32
3,cell_FormFactor,12.00786,,3.230958832176069e-33,2.865720007669209e-32
3,nucleus_Intensity_MaxIntensity,11.84501,,2.2839196542018236e-32,1.9413317060715502e-31
3,cell_RadialDistribution_FracAtD_3of4,11.71924,,1.0157929065591668e-31,7.455239555130885e-31
3,lipid_Intensity_MinIntensity,11.718618,,1.023268174233651e-31,7.455239555130885e-31
3,cytoplasm_Intensity_StdIntensityEdge,11.449637,,2.361304745494951e-30,1.661055752003345e-29
3,cell_Solidity,11.322912,,1.0105803296367263e-29,6.871946241529738e-29
3,lipid_Intensity_UpperQuartileIntensity,11.2321205,,2.835883259901592e-29,1.866194145225564e-28
3,nucleoli_Intensity_MaxIntensityEdge,11.095265,,1.3226736650946391e-28,8.432044614978325e-28
3,nucleus_Intensity_MaxIntensityEdge,11.0878105,,1.4376329442540236e-28,8.887185473570326e-28
3,cell_RadialDistribution_ZernikeMagnitude_2_0,10.339595,,4.66504504942819e-25,2.6435255280093075e-24
3,nucleus_Intensity_MinIntensityEdge,10.274273,,9.203555215310708e-25,5.074392605198336e-24
3,nucleoplasm_Intensity_MaxIntensity,10.150176,,3.307669132521358e-24,1.775696060616729e-23
3,nucleoplasm_HuMoment_1,9.909913,,3.769723962184008e-23,1.9225592207138442e-22
3,nucleoplasm_Zernike_2_0,9.235,,2.58286092843637e-20,1.2851308034171207e-19
3,cell_RadialDistribution_RadialCV_3of4,8.811435,,1.2355407014218765e-18,5.7284159793196094e-18
3,nucleus_Zernike_8_4,8.689679,,3.634649747547298e-18,1.647707885554775e-17
3,nucleoplasm_Zernike_4_4,8.659192,,4.751188946314024e-18,2.1070490109740453e-17
3,cell_Correlation_3_01_256,8.23859,,1.742522329164447e-16,7.4057198989489e-16
3,cytoplasm_Intensity_LowerQuartileIntensity,8.173124,,3.005035016173786e-16,1.2510758026519435e-15
3,nucleus_Zernike_2_0,8.1199875,,4.662306990166724e-16,1.9022212519880235e-15
3,cell_Zernike_2_0,8.0636015,,7.407890112959053e-16,2.9631560451836213e-15
3,cell_RadialDistribution_FracAtD_1of4,7.8790565,,3.2986249702782583e-15,1.2940759498783938e-14
3,nucleoplasm_Zernike_6_6,7.792566,,6.56619481563518e-15,2.5273655516784465e-14
3,nucleoli_Intensity_MADIntensity,7.5687413,,3.768572792503156e-14,1.3728372315547208e-13
3,nucleoplasm_Zernike_2_2,7.5214343,,5.417848877018304e-14,1.9390195980907616e-13
3,cell_Contrast_3_02_256,7.215802,,5.361686393842385e-13,1.853871227701435e-12
3,nucleoli_Intensity_StdIntensityEdge,7.0545764,,1.7312749653895218e-12,5.886334882324374e-12
3,cell_RadialDistribution_RadialCV_2of4,6.987869,,2.7909365021723918e-12,9.333623712183081e-12
3,nucleus_Zernike_7_5,6.9670343,,3.2369162817455086e-12,1.0650498733485223e-11
3,nucleus_Zernike_9_7,6.8442273,,7.688978531269925e-12,2.4508619068422886e-11
3,cell_RadialDistribution_RadialCV_4of4,6.6058764,,3.951727607443636e-11,1.2214430786643965e-10
3,cytoplasm_Zernike_4_4,6.5687,,5.075653883320741e-11,1.5454229734290017e-10
3,nucleus_Zernike_8_6,6.5250244,,6.799051194086348e-11,2.0397153582259044e-10
3,nucleus_Zernike_5_3,6.466822,,1.0008521287138827e-10,2.959041076197566e-10
3,nucleus_Zernike_7_3,6.123249,,9.168618818473869e-10,2.5621893684502317e-09
3,cell_Zernike_1_1,5.81647,,6.010324728283482e-09,1.6569003304997707e-08
3,nucleus_Zernike_4_2,5.513514,,3.517387988040803e-08,9.199322430260562e-08
3,cytoplasm_Zernike_4_2,5.38612,,7.19950443357934e-08,1.8132085240125749e-07
3,cytoplasm_Zernike_8_0,4.8139434,,1.479805927573751e-06,3.637113364157171e-06
3,cytoplasm_EulerNumber,4.7376313,,2.1623091458335914e-06,5.251322211310151e-06
3,cytoplasm_Solidity,4.7075744,,2.506817161341388e-06,6.01636118721933e-06
3,cell_Zernike_4_2,4.611431,,3.999058161286323e-06,9.377101895429999e-06
3,nucleus_Zernike_9_5,4.5954714,,4.317725171499925e-06,1.0009271988477099e-05
3,nucleus_Zernike_6_2,4.579224,,4.6670350707884775e-06,1.0697473645402802e-05
3,nucleus_Zernike_5_1,4.5718656,,4.83401359517561e-06,1.0957097482398051e-05
3,nucleoplasm_Compactness,4.4865217,,7.239536422832403e-06,1.5880273443632368e-05
3,nucleoplasm_Intensity_IntegratedIntensityEdge,4.4680767,,7.892601285010275e-06,1.712862406534145e-05
3,nucleus_to_cell_area_ratio,4.339535,,1.4278427699517493e-05,3.0028858254655348e-05
3,nucleus_Zernike_3_1,4.290317,,1.7841828552547705e-05,3.676498004767406e-05
3,nucleoplasm_Zernike_1_1,3.9455013,,7.963319121363245e-05,0.00015620356738058674
3,cytoplasm_Zernike_3_1,3.7565598,,0.00017226502447337543,0.0003284305139492391
3,nucleoplasm_HuMoment_0,3.6665332,,0.00024586097067953993,0.00045185259476239773
3,cell_Intensity_MinIntensityEdge,3.6138742,,0.0003016553346095967,0.0005494436451817654
3,nucleus_Intensity_MassDisplacement,3.440033,,0.0005816433730909526,0.0010228900699185718
3,cell_RadialDistribution_RadialCV_1of4,3.409164,,0.0006516231236181554,0.0011361633950265275
3,nucleoplasm_Zernike_5_1,3.3642461,,0.0007675305774381183,0.001326917269469289
3,cytoplasm_Zernike_6_6,3.1711953,,0.0015181306201667226,0.0025808220542834284
3,nucleoplasm_Zernike_8_8,3.1247485,,0.0017795722279791216,0.0030002705331218247
3,cytoplasm_Zernike_7_1,3.0969377,,0.001955310508320063,0.0032429540137991295
3,cytoplasm_Zernike_5_1,2.9984052,,0.0027139661097563827,0.004464911987018565
3,nucleoplasm_Zernike_5_3,2.9368582,,0.003315556222504697,0.005410987755127665
3,cell_RadialDistribution_ZernikeMagnitude_1_1,2.860976,,0.0042233919909152205,0.0066274766626669614
3,nucleoplasm_Zernike_8_6,2.8475962,,0.004405079172254653,0.0068598179476332
3,cytoplasm_Zernike_9_3,2.8319228,,0.004626903774435449,0.007096905037479936
3,nucleoplasm_Zernike_9_7,2.641261,,0.008259805501484231,0.012389708252226347
3,nucleoplasm_Zernike_7_5,2.5909913,,0.00956998998654003,0.014250204067548658
3,nucleoplasm_Zernike_6_2,2.2866974,,0.022213498964075477,0.03213867935227942
3,cell_RadialDistribution_ZernikeMagnitude_2_2,2.0758705,,0.037905937411978764,0.052248724540835595
3,nucleus_Zernike_9_3,2.0569477,,0.039691265802050374,0.05434240418535756
3,nucleoplasm_Zernike_8_4,2.0093539,,0.044499618124402826,0.06011868938661044
3,cytoplasm_Zernike_4_0,1.9356697,,0.052908179728084634,0.07054423963744617
3,nucleoplasm_Zernike_3_1,1.7994827,,0.07194235546781008,0.09347923895180418
3,cell_Granularity_5,1.7214023,,0.08517785890211424,0.10928480010082582
3,cytoplasm_Zernike_6_0,1.6476223,,0.09943018236431873,0.12677348251450637
3,nucleoplasm_Zernike_7_3,1.6417927,,0.10063298519974187,0.12751011789284064
3,cell_Zernike_9_9,1.6082476,,0.10778094917733748,0.13572415822331388
3,cytoplasm_Compactness,1.5670571,,0.11710134591222618,0.14566264979325694
3,cell_RadialDistribution_ZernikeMagnitude_4_0,1.4669956,,0.14237725882364122,0.17392192095822043
3,cell_RadialDistribution_MeanFrac_1of4,1.3119814,,0.18952639332840637,0.22877742153251418
3,cytoplasm_Zernike_7_3,1.2751871,,0.20224302646133463,0.24269163175360153
3,nucleoplasm_Zernike_5_5,1.2279756,,0.21945611067149884,0.2587806160519408
3,lipid_Intensity_MADIntensity,1.1801908,,0.23792434796215545,0.27894578726597535
3,cell_Zernike_7_7,1.0734394,,0.2830740287236584,0.32625481276625035
3,cell_RadialDistribution_MeanFrac_3of4,1.034447,,0.30092728248504863,0.3429269878169984
3,nucleoplasm_Zernike_9_9,1.0309108,,0.3025826363091162,0.3429269878169984
3,cytoplasm_Zernike_9_1,1.025081,,0.3053249329498289,0.3441231288495309
3,nucleus_Zernike_6_4,0.9362012,,0.3491695973411727,0.39137691130549024
3,cell_Zernike_3_3,0.8863138,,0.3754484497574915,0.41853269809031834
3,cell_Intensity_MeanIntensityEdge,0.7802314,,0.4352546872223356,0.479956519964089
3,cytoplasm_Zernike_9_7,0.6256951,,0.5315149371111668,0.5798344768485456
3,cell_Zernike_5_5,0.61632925,,0.5376772169605255,0.5803500119573926
3,cell_RadialDistribution_MeanFrac_2of4,0.49046394,,0.6238056491725851,0.6617911050381095
3,nucleus_Zernike_7_1,0.45930818,,0.6460128662507945,0.6793124985317632
3,cytoplasm_Zernike_9_5,0.34414664,,0.7307360019105144,0.760561961172168
3,nucleoplasm_Zernike_3_3,0.2899586,,0.7718479066321244,0.7912410701153436
3,nucleus_Zernike_9_1,0.25880286,,0.795787345109647,0.81170309201184
3,cell_Zernike_8_8,0.20757748,,0.8355588859937702,0.8438317462511342
3,nucleoplasm_Zernike_9_5,-0.05227665,,0.9583082583386309,0.9583082583386309
3,cell_Zernike_4_0,-0.10636912,,0.915289488375627,0.9197983035893
3,nucleoplasm_Zernike_7_7,-0.21570091,,0.8292208894775598,0.841597320663792
3,cytoplasm_Zernike_2_0,-0.300089,,0.7641092715542546,0.7872640979649895
3,nucleoplasm_Zernike_7_1,-0.30066243,,0.7636719312545114,0.7872640979649895
3,cell_Zernike_9_3,-0.40282646,,0.6870758850973848,0.7187870797941872
3,cell_Zernike_9_5,-0.48721457,,0.6261062905507604,0.6617911050381095
3,cytoplasm_Zernike_5_3,-0.57093364,,0.5680446179062904,0.6067073405910117
3,cell_RadialDistribution_ZernikeMagnitude_6_0,-0.58393115,,0.5592666427159478,0.6004757637581756
3,nucleoplasm_Zernike_9_3,-0.62015206,,0.5351576728721928,0.5803500119573926
3,cell_Zernike_3_1,-0.664592,,0.5063114860000376,0.5553093717419767
3,nucleoplasm_Zernike_6_4,-0.80364597,,0.4216014601571376,0.4674277058263917
3,cell_Zernike_8_0,-1.034638,,0.3008379760950245,0.3429269878169984
3,cytoplasm_Zernike_6_4,-1.1062198,,0.2686313987080353,0.3113682121388591
3,cell_Zernike_6_0,-1.1314502,,0.2578656512528429,0.30059767346045685
3,nucleoplasm_Zernike_4_2,-1.2326585,,0.21770317775744263,0.258206094549525
3,cell_RadialDistribution_ZernikeMagnitude_3_1,-1.238775,,0.21542882487794712,0.25700280862632285
3,cytoplasm_Zernike_8_2,-1.3953183,,0.16291988574143113,0.19783128982888065
3,cytoplasm_Zernike_6_2,-1.4819045,,0.13836571920713636,0.17003979950756518
3,cytoplasm_Zernike_7_5,-1.4965266,,0.13451647445017473,0.1663112775020342
3,cytoplasm_FormFactor,-1.5670571,,0.11710134591222618,0.14566264979325694
3,cell_RadialDistribution_ZernikeMagnitude_9_1,-1.7673713,,0.07716606906583492,0.09963213980652104
3,nucleoplasm_Zernike_6_0,-1.8138182,,0.06970572289999181,0.09115363763845084
3,cell_Zernike_7_3,-1.8386663,,0.06596428130288852,0.08681750571476941
3,cytoplasm_Intensity_MassDisplacement,-1.8432536,,0.06529198363065318,0.08649067961463149
3,cell_Granularity_2,-1.9749488,,0.048273962336477676,0.06478873892527266
3,nucleoplasm_Zernike_8_0,-2.020249,,0.043357583996545636,0.05896631423530206
3,cell_Zernike_6_2,-2.1060705,,0.035198232651328556,0.048846526944700853
3,cell_Zernike_8_2,-2.1164875,,0.03430336223019675,0.04793072530794614
3,lipid_count,-2.1199758,,0.0340080816029407,0.047845852737930364
3,cell_RadialDistribution_ZernikeMagnitude_8_0,-2.2140644,,0.026824358241403144,0.03800117417532112
3,cell_RadialDistribution_ZernikeMagnitude_8_2,-2.2415884,,0.024987989348614473,0.035647201588233236
3,cell_Zernike_5_3,-2.2654808,,0.02348319154044235,0.03373641601584676
3,nucleoplasm_Zernike_8_2,-2.4402778,,0.014675969166585583,0.02138498364273899
3,cytoplasm_Zernike_8_4,-2.4712424,,0.013464449888226883,0.01976077537552722
3,nucleoplasm_Zernike_9_1,-2.5266728,,0.011514869283553527,0.01702198068003565
3,nucleoplasm_Solidity,-2.7790725,,0.005451434032751743,0.008237722538380413
3,cell_Zernike_7_1,-2.815867,,0.004864580840363503,0.00740577978682205
3,cell_Zernike_9_1,-2.83565,,0.004573255016094261,0.0070677577521456765
3,cell_Granularity_4,-2.8734,,0.004060796966362271,0.006421725435177545
3,cell_RadialDistribution_ZernikeMagnitude_3_3,-2.8834348,,0.003933641225023295,0.006269240702380876
3,cell_RadialDistribution_ZernikeMagnitude_7_7,-2.909143,,0.003624210232124071,0.005821566042152051
3,nucleus_Zernike_8_0,-2.9263456,,0.0034296973219014888,0.0055528432830786005
3,cell_RadialDistribution_ZernikeMagnitude_9_9,-3.0992312,,0.0019402352154996136,0.0032429540137991295
3,cell_Zernike_8_4,-3.2962961,,0.0009796871692439634,0.001679463718703937
3,cell_RadialDistribution_ZernikeMagnitude_9_3,-3.4864798,,0.0004894222631428485,0.0008681925363577487
3,cell_RadialDistribution_ZernikeMagnitude_9_5,-3.5569148,,0.0003752358647381832,0.0006714747053209594
3,nucleoli_Intensity_MassDisplacement,-3.5940914,,0.0003255255876809078,0.0005876745122734972
3,cell_Granularity_3,-3.6665332,,0.00024586097067953993,0.00045185259476239773
3,cell_RadialDistribution_ZernikeMagnitude_9_7,-3.6688268,,0.00024366596877761648,0.00045185259476239773
3,cell_RadialDistribution_ZernikeMagnitude_6_4,-3.6811554,,0.00023217942200370024,0.0004385611304514338
3,nucleoplasm_Intensity_IntegratedIntensity,-3.7902005,,0.00015052573702552472,0.00028969104106799093
3,cell_RadialDistribution_ZernikeMagnitude_8_4,-3.8210695,,0.00013287418696300077,0.00025815556324240154
3,cell_RadialDistribution_ZernikeMagnitude_7_1,-4.063052,,4.843521098129519e-05,9.5929932428973e-05
3,cell_RadialDistribution_ZernikeMagnitude_5_3,-4.076623,,4.5694485875925526e-05,9.138897175185105e-05
3,cell_Zernike_5_1,-4.107492,,3.999785528305479e-05,8.07877473043879e-05
3,cell_Intensity_StdIntensityEdge,-4.2473106,,2.1635194726037878e-05,4.4135797241117277e-05
3,cell_RadialDistribution_ZernikeMagnitude_7_3,-4.325582,,1.5212952488915546e-05,3.1667778650395626e-05
3,cell_RadialDistribution_ZernikeMagnitude_5_5,-4.3737493,,1.2213059845701718e-05,2.595275217211615e-05
3,nucleus_Zernike_6_0,-4.4468603,,8.713450136480556e-06,1.871098766149509e-05
3,nucleoplasm_FormFactor,-4.4865217,,7.239536422832403e-06,1.5880273443632368e-05
3,cell_RadialDistribution_ZernikeMagnitude_5_1,-4.5405188,,5.611603987488597e-06,1.2579859488435976e-05
3,cytoplasm_Zernike_8_6,-4.68502,,2.7993258526620848e-06,6.640261324919364e-06
3,cytoplasm_Eccentricity,-5.0801053,,3.7722565311001185e-07,9.384638199322246e-07
3,cell_RadialDistribution_ZernikeMagnitude_8_8,-5.4370584,,5.4167410397267395e-08,1.3812689651303187e-07
3,cytoplasm_MaximumRadius_um,-5.4440827,,5.207302392751005e-08,1.3446704912926644e-07
3,nucleolus_to_nucleus_area_ratio,-5.5783105,,2.4286598405125478e-08,6.434371525513764e-08
3,cell_RadialDistribution_ZernikeMagnitude_7_5,-5.5788836,,2.420668349277514e-08,6.434371525513764e-08
3,nucleoli_Intensity_IntegratedIntensityEdge,-5.6916084,,1.2584826302187129e-08,3.423072754194899e-08
3,cell_RadialDistribution_ZernikeMagnitude_8_6,-6.3141975,,2.715670531884257e-10,7.694399840338727e-10
3,nucleoli_Intensity_IntegratedIntensity,-6.327386,,2.493489530790304e-10,7.1643924546651e-10
3,nucleus_InertiaTensorEigenvalues_0,-6.464146,,1.0187223079383564e-10,2.9688478688489246e-10
3,cell_HuMoment_1,-6.828076,,8.606102061836955e-12,2.700992031714983e-11
3,nucleoplasm_EulerNumber,-6.9416127,,3.8764848123329814e-12,1.255242701136394e-11
3,cell_RadialDistribution_MeanFrac_4of4,-7.2779226,,3.3899936428023087e-13,1.1923425916063294e-12
3,cell_Intensity_MaxIntensityEdge,-7.6804147,,1.5857438104844835e-14,5.881667951615176e-14
3,lipid_Intensity_MassDisplacement,-7.752713,,8.994959561298725e-15,3.398095834268407e-14
3,nucleus_Zernike_8_2,-8.325176,,8.420353968924856e-17,3.6547919354482356e-16
3,nucleoplasm_MaximumRadius_um,-8.993925,,2.38554653890263e-19,1.1317476603165967e-18
3,nucleoplasm_Zernike_4_0,-9.036024,,1.624743865501238e-19,7.891613061006013e-19
3,cell_RadialDistribution_FracAtD_4of4,-10.117586,,4.6165873679031376e-24,2.4148303155185643e-23
3,nucleus_Solidity,-10.44993,,1.4663288559049935e-25,8.546602474417676e-25
3,nucleoplasm_Zernike_0_0,-10.5680065,,4.193117820592627e-26,2.5158706923555765e-25
3,cell_InfoMeas1_3_01_256,-11.806495,,3.6131109829161984e-32,2.8349024635188634e-31
3,nucleus_Zernike_4_0,-11.8083105,,3.5359334861378954e-32,2.8349024635188634e-31
3,cell_Compactness,-12.00786,,3.230958832176069e-33,2.865720007669209e-32
3,nucleus_FormFactor,-13.034853,,7.751626699511238e-39,8.322799193159435e-38
3,cell_DifferenceVariance_3_02_256,-13.17104,,1.2881115700490483e-39,1.545733884058858e-38
3,cytoplasm_InertiaTensorEigenvalues_0,-14.924267,,2.2914021141373494e-50,3.116306875226795e-49
3,cell_Granularity_1,-15.582646,,9.551643006798912e-55,1.9485351733869782e-53
3,cell_Intensity_IntegratedIntensityEdge,-15.660918,,2.798268292276202e-55,6.342741462492725e-54
3,cell_AngularSecondMoment_3_01_256,-16.371193,,3.0713509807798124e-60,1.2531112001581635e-58
4,nucleus_InertiaTensorEigenvalues_0,16.251787,,2.169438322608555e-59,4.4256541781214524e-57
4,nucleoplasm_Intensity_IntegratedIntensity,14.344341,,1.155920085444721e-46,1.1790384871536155e-44
4,nucleoplasm_Intensity_IntegratedIntensityEdge,14.225136,,6.3980433414601945e-46,4.350669472192932e-44
4,cell_Intensity_IntegratedIntensityEdge,13.689145,,1.1788758867981598e-42,6.012267022670615e-41
4,cell_Granularity_1,13.499672,,1.570744843581534e-41,6.4086389618126595e-40
4,lipid_count,13.050968,,6.274488569119902e-39,2.133326113500767e-37
4,nucleoli_Intensity_IntegratedIntensity,11.54986,,7.394048055166782e-31,1.675984225837804e-29
4,cytoplasm_Compactness,11.449499,,2.3650793293922737e-30,4.286461324574782e-29
4,nucleoli_Intensity_MassDisplacement,11.443948,,2.521447837985166e-30,4.286461324574782e-29
4,nucleoli_Intensity_IntegratedIntensityEdge,11.375287,,5.551963932690532e-30,8.407594609848993e-29
4,cytoplasm_InertiaTensorEigenvalues_0,11.371927,,5.769917869504211e-30,8.407594609848993e-29
4,nucleus_Compactness,11.055651,,2.058379863471712e-28,2.4700558361660543e-27
4,nucleus_Zernike_3_1,10.575904,,3.85441279694201e-26,4.368334503200944e-25
4,nucleus_Zernike_4_2,10.395342,,2.6035183258299608e-25,2.65558869234656e-24
4,nucleoplasm_MaximumRadius_um,9.324822,,1.1116925127116823e-20,9.4493863580493e-20
4,nucleoplasm_Compactness,9.132135,,6.716139369728875e-20,5.074416412684038e-19
4,nucleoplasm_HuMoment_0,8.859685,,8.024115962284582e-19,5.8461416296644805e-18
4,cytoplasm_MaximumRadius_um,8.659547,,4.736444486002188e-18,3.331843707394643e-17
4,nucleus_Intensity_MassDisplacement,8.360362,,6.252598036240963e-17,4.251766664643854e-16
4,cell_Intensity_MaxIntensityEdge,7.6197786,,2.541110542530694e-14,1.672214679600844e-13
4,nucleus_Zernike_5_3,6.960419,,3.3926219930957154e-12,1.977413961690074e-11
4,nucleoplasm_Zernike_4_2,6.442836,,1.172614706425268e-10,6.644816669743186e-10
4,cytoplasm_Intensity_MeanIntensityEdge,6.360443,,2.0117227864607384e-10,1.1091660768594342e-09
4,nucleoplasm_HuMoment_1,6.330934,,2.436816868142985e-10,1.308185897634655e-09
4,nucleus_Zernike_9_5,5.7074385,,1.1468911291032019e-08,5.1992397852678485e-08
4,nucleoplasm_Zernike_4_4,5.6685796,,1.4398627051194414e-08,6.249616847752469e-08
4,cytoplasm_Intensity_MassDisplacement,5.6243153,,1.862451038943323e-08,7.915416915509123e-08
4,nucleus_Zernike_7_5,5.4992657,,3.813761396429029e-08,1.587770050758208e-07
4,cell_Intensity_StdIntensityEdge,5.4732623,,4.4182526398484076e-08,1.8026470770581503e-07
4,cytoplasm_Zernike_2_0,5.367934,,7.964356983667955e-08,3.065526084279741e-07
4,cell_Zernike_2_0,5.2786756,,1.3012089913906193e-07,4.656958495503269e-07
4,cell_Granularity_2,5.1068783,,3.2752440642372167e-07,1.0953275231219544e-06
4,nucleus_Zernike_6_4,4.836911,,1.3187228014226453e-06,4.2701500236542795e-06
4,nucleus_Zernike_9_7,4.7120075,,2.4528821738289504e-06,7.468477066583669e-06
4,cell_RadialDistribution_FracAtD_3of4,4.7047033,,2.542354082281963e-06,7.627062246845889e-06
4,nucleoplasm_Zernike_6_6,4.662923,,3.1174991272080365e-06,9.216953941310716e-06
4,nucleoplasm_Zernike_9_7,4.637796,,3.5214432349761498e-06,1.0262491713359065e-05
4,cell_RadialDistribution_FracAtD_1of4,4.617636,,3.88136340123021e-06,1.1152086392267083e-05
4,lipid_Intensity_MassDisplacement,4.4771013,,7.5663410014498675e-06,2.0858561679672607e-05
4,cytoplasm_Solidity,4.411947,,1.0244532084631432e-05,2.7498480858747528e-05
4,cytoplasm_Zernike_4_0,4.210056,,2.553077119289331e-05,6.429972004136093e-05
4,nucleoplasm_Intensity_MaxIntensity,4.035775,,5.442235536414503e-05,0.0001337609698106697
4,cytoplasm_Intensity_StdIntensity,3.9260643,,8.634707631251869e-05,0.00020723298315004484
4,cell_InfoMeas1_3_01_256,3.8848681,,0.00010238548742660394,0.00024286790040729307
4,cell_Contrast_3_02_256,3.8550665,,0.00011569819180396705,0.00027129231181619864
4,nucleoplasm_Zernike_7_5,3.7960477,,0.00014702123702188424,0.00033699249834229645
4,nucleus_Zernike_8_4,3.7325003,,0.000189588534885813,0.0004250116606231412
4,nucleus_Zernike_7_3,3.6458712,,0.0002664874867014556,0.0005875494397104654
4,nucleoplasm_Zernike_3_3,3.6445563,,0.00026785342104447687,0.0005875494397104654
4,cell_Granularity_3,3.4450028,,0.000571053597472353,0.0012393078072804257
4,nucleus_Intensity_MaxIntensityEdge,3.399862,,0.0006741983748341965,0.0014326715465226678
4,cell_FormFactor,3.2324474,,0.001227347091003551,0.002554885781272698
4,nucleoplasm_Zernike_3_1,3.2185693,,0.0012883185090292839,0.002654716927696706
4,nucleoplasm_Zernike_1_1,3.0816865,,0.0020583143781338943,0.004076661486789461
4,nucleoli_Intensity_MaxIntensityEdge,2.99776,,0.002719716658079196,0.005284020935696724
4,cytoplasm_Zernike_9_7,2.8412287,,0.004494005261708637,0.008568010031668804
4,cell_Zernike_7_7,2.8291037,,0.00466785733432759,0.008817063853729892
4,cell_Intensity_MeanIntensityEdge,2.8200464,,0.00480167138363831,0.008986614332680875
4,nucleoli_Intensity_StdIntensityEdge,2.7781196,,0.0054674484352680575,0.010048283610762918
4,cell_AngularSecondMoment_3_01_256,2.6949966,,0.007038934235844823,0.012707456496569415
4,cell_Variance_3_01_256,2.654969,,0.007931568827929617,0.014193333692084578
4,cytoplasm_Zernike_5_1,2.6507325,,0.008031741619312562,0.014247611220345761
4,cytoplasm_Zernike_8_0,2.6333482,,0.00845475970473344,0.014741632305689074
4,cell_Solidity,2.6076372,,0.009116954304439226,0.015761514221233914
4,cell_DifferenceEntropy_3_02_256,2.422692,,0.015405977353603871,0.02641024689189235
4,cell_Granularity_4,2.253086,,0.024253718341947016,0.039901278562558
4,nucleoplasm_Zernike_8_4,2.171278,,0.029910170801172423,0.04842599082094583
4,nucleus_Zernike_8_6,2.0602524,,0.039374411454356495,0.06288656647481537
4,cell_RadialDistribution_MeanFrac_2of4,1.9911537,,0.0464639883862598,0.07347793512245736
4,nucleoplasm_Zernike_5_3,1.9343263,,0.05307302936522682,0.08309633378010997
4,cytoplasm_Zernike_6_0,1.9319888,,0.053360881005854933,0.08309633378010997
4,cell_Zernike_1_1,1.830459,,0.06718133079268139,0.10304504873463913
4,cytoplasm_Intensity_StdIntensityEdge,1.7777219,,0.07544953732619182,0.11401263418180098
4,nucleoplasm_Zernike_6_4,1.7638438,,0.07775829078382532,0.11663743617573798
4,nucleus_Intensity_MaxIntensity,1.7582924,,0.07869775839122467,0.117184983297882
4,nucleoplasm_Zernike_9_5,1.7379864,,0.08221319266169529,0.12153254567381042
4,nucleoplasm_Zernike_2_2,1.6536949,,0.09818953738960967,0.14410550811136957
4,cell_Zernike_5_5,1.6199489,,0.10524325013653216,0.15119452836515887
4,nucleoplasm_Zernike_5_5,1.6110376,,0.1071715130253339,0.151826310119223
4,nucleoplasm_Zernike_8_8,1.5368259,,0.12433594418913325,0.17492781113505643
4,cytoplasm_Zernike_2_2,1.50308,,0.13281840835146894,0.18558188564177852
4,lipid_Intensity_MADIntensity,1.4800714,,0.13885417577672926,0.19222783452390596
4,nucleoplasm_Zernike_7_7,1.4778072,,0.1394594093604808,0.19222783452390596
4,cytoplasm_Zernike_7_5,1.3138986,,0.18888036014579157,0.2551761156936522
4,cell_RadialDistribution_RadialCV_4of4,1.2914013,,0.19656457789844617,0.26381035454791457
4,cytoplasm_Zernike_6_2,1.2779614,,0.2012630628492551,0.2666082131249873
4,cytoplasm_Zernike_7_1,1.2112,,0.22581877350224833,0.28972974713496014
4,cytoplasm_Zernike_9_1,1.1482369,,0.25087079787796485,0.31163865848670624
4,nucleolus_to_nucleus_area_ratio,1.1448768,,0.25226016408730023,0.31163865848670624
4,cell_Zernike_3_3,1.1432699,,0.25292653620420225,0.31163865848670624
4,nucleoplasm_Zernike_8_6,1.1380109,,0.2551159606239213,0.31163865848670624
4,nucleoplasm_Intensity_StdIntensity,1.053573,,0.2920784309700729,0.3546666661779457
4,cell_Zernike_9_1,0.9424015,,0.34598710828446944,0.4176412431362826
4,cell_RadialDistribution_MeanFrac_1of4,0.7879885,,0.4307034329385674,0.5069686272975289
4,nucleoli_Intensity_MADIntensity,0.75548434,,0.4499584256036686,0.5215427205860704
4,cell_Zernike_9_9,0.7280932,,0.4665565406534927,0.5347052488388343
4,cell_Zernike_8_4,0.70734894,,0.479349644057554,0.5462979183672683
4,cell_Zernike_5_3,0.63810414,,0.5234058876443116,0.5899160280632021
4,nucleus_Zernike_5_1,0.62261903,,0.5335349104630313,0.5947602280571496
4,cytoplasm_Zernike_5_3,0.60129046,,0.5476465521359164,0.6038913331660916
4,cytoplasm_Zernike_8_4,0.5188979,,0.6038319581385829,0.6577667433453765
4,nucleus_Intensity_StdIntensityEdge,0.5155379,,0.6061771948476999,0.6577667433453765
4,cell_RadialDistribution_RadialCV_2of4,0.3874204,,0.6984450225283615,0.7459831654229621
4,cytoplasm_Zernike_9_5,0.38245344,,0.7021250531571709,0.7460078689794941
4,cytoplasm_Zernike_4_4,0.3745648,,0.7079841583022506,0.7483355870137779
4,cell_Zernike_5_1,0.22278133,,0.8237057040360881,0.8573263450171529
4,cell_RadialDistribution_RadialCV_3of4,0.030239826,,0.975875786793418,0.9855379232963231
4,cell_Zernike_9_3,0.015046869,,0.9879947879515132,0.9928617573502891
4,nucleus_Zernike_9_3,-0.0007304306,,0.9994172007768986,0.9994172007768986
4,cell_Zernike_6_2,-0.12636448,,0.899443410696187,0.9128679392140405
4,nucleus_Zernike_8_0,-0.15558171,,0.8763627414823576,0.8938899963120048
4,cytoplasm_Zernike_9_3,-0.1715051,,0.86382662224948,0.8855308087381605
4,cytoplasm_Zernike_8_2,-0.1915189,,0.8481190779993444,0.8738196561205367
4,nucleus_Intensity_StdIntensity,-0.19648582,,0.8442299276429153,0.8738196561205367
4,cell_Zernike_9_5,-0.2912957,,0.7708251670297098,0.8064017132003117
4,nucleus_Intensity_MinIntensityEdge,-0.30407825,,0.7610682794046945,0.8002986030853488
4,nucleoplasm_Zernike_9_9,-0.46776775,,0.6399506946694453,0.6871049563819307
4,nucleus_Zernike_9_1,-0.49917626,,0.6176552231633657,0.666675478969982
4,cytoplasm_Zernike_6_6,-0.5543968,,0.5793073135622061,0.6353693116488712
4,cytoplasm_Zernike_6_4,-0.60187477,,0.5472574863492339,0.6038913331660916
4,cytoplasm_Zernike_3_1,-0.6236416,,0.5328629702670318,0.5947602280571496
4,cell_Zernike_8_0,-0.6519823,,0.5144125732548777,0.583000916355528
4,cell_Zernike_4_0,-0.7381731,,0.4604092461461976,0.5306411650498548
4,nucleoplasm_Intensity_MADIntensity,-0.77096945,,0.4407250296277726,0.5137594631089464
4,cell_RadialDistribution_RadialCV_1of4,-0.7850668,,0.4324144174008334,0.5069686272975289
4,nucleus_Zernike_7_1,-0.83166826,,0.405596228043143,0.4810559914000068
4,cell_Granularity_5,-0.89083314,,0.37301870213177635,0.4450047674554525
4,cell_Zernike_3_1,-0.92647815,,0.3541975545988527,0.42503706551862325
4,cell_Intensity_MADIntensity,-1.1380838,,0.25508546199127125,0.31163865848670624
4,cell_Zernike_7_3,-1.1746784,,0.24012338676258094,0.3023775981454723
4,cytoplasm_Zernike_4_2,-1.2003896,,0.22998806622127121,0.291413450367325
4,nucleoplasm_Zernike_7_3,-1.206087,,0.22778396302423998,0.29042455285590596
4,cell_Zernike_7_1,-1.2139755,,0.2247570386804587,0.28972974713496014
4,cytoplasm_Intensity_MADIntensity,-1.2149252,,0.22439463372791413,0.28972974713496014
4,cell_RadialDistribution_MeanFrac_3of4,-1.2205495,,0.2222566431203883,0.28972974713496014
4,cell_Zernike_8_2,-1.2715335,,0.20353890427484123,0.26788346111011363
4,nucleus_Zernike_6_0,-1.2792761,,0.2007998453829739,0.2666082131249873
4,cytoplasm_Zernike_7_3,-1.4347117,,0.1513692612098319,0.2058621952453714
4,cell_DifferenceVariance_3_02_256,-1.4434769,,0.14888617701879747,0.20384416182439385
4,nucleus_Zernike_8_2,-1.615128,,0.10628296173833132,0.15162044891342372
4,cell_RadialDistribution_ZernikeMagnitude_5_5,-1.620241,,0.10518049765077042,0.15119452836515887
4,cell_RadialDistribution_ZernikeMagnitude_7_7,-1.621848,,0.10483588962127571,0.15119452836515887
4,nucleus_Intensity_MeanIntensityEdge,-1.7921845,,0.07310342505845761,0.11129178143227876
4,nucleoli_Intensity_UpperQuartileIntensity,-1.9120481,,0.055870024272968735,0.08634458296731531
4,cell_Zernike_8_8,-2.059376,,0.03945823778811945,0.06288656647481537
4,cytoplasm_Zernike_8_6,-2.2468045,,0.024652528223843125,0.04023292606131198
4,lipid_Intensity_UpperQuartileIntensity,-2.2541819,,0.024184734305080818,0.039901278562558
4,cell_RadialDistribution_ZernikeMagnitude_1_1,-2.392014,,0.016756201735330357,0.028018566836126173
4,cell_RadialDistribution_ZernikeMagnitude_9_7,-2.398588,,0.016458425424405607,0.027748089145278872
4,cell_Intensity_MinIntensityEdge,-2.4168487,,0.015655524260251522,0.026614391242427586
4,cell_Zernike_4_2,-2.6456196,,0.008154147373135877,0.014340052276894128
4,nucleoplasm_Zernike_9_3,-2.6998174,,0.006937752713984874,0.012636621014758162
4,cell_Correlation_3_01_256,-2.7811875,,0.005416045611748939,0.010044302770879851
4,cell_RadialDistribution_ZernikeMagnitude_9_9,-2.9369152,,0.0033149469601824605,0.006379709244124735
4,cell_RadialDistribution_ZernikeMagnitude_3_3,-3.0228138,,0.002504362237420029,0.004912402850323903
4,cell_RadialDistribution_ZernikeMagnitude_7_5,-3.1329627,,0.0017305137146282903,0.0034610274292565806
4,nucleoplasm_Zernike_8_2,-3.1342776,,0.0017227780424475575,0.0034610274292565806
4,nucleoplasm_Zernike_8_0,-3.1483018,,0.0016422202171882984,0.003350129243064129
4,cell_Compactness,-3.2324474,,0.001227347091003551,0.002554885781272698
4,cell_RadialDistribution_MeanFrac_4of4,-3.4227977,,0.000619801971661372,0.0013309431812517883
4,cell_InfoMeas2_3_01_256,-3.7568965,,0.0001720335389135841,0.00038994268820412395
4,cell_Zernike_6_0,-3.840458,,0.0001228050555446147,0.0002846844469443341
4,cytoplasm_Intensity_LowerQuartileIntensity,-4.0321226,,5.527528120021395e-05,0.00013423996862909103
4,nucleoplasm_Zernike_6_0,-4.1305847,,3.618414683494463e-05,9.001909700400859e-05
4,cell_RadialDistribution_ZernikeMagnitude_2_2,-4.2115164,,2.536619284010504e-05,6.429972004136093e-05
4,cell_RadialDistribution_ZernikeMagnitude_5_1,-4.237812,,2.257085566937173e-05,5.828423489306118e-05
4,cell_RadialDistribution_ZernikeMagnitude_3_1,-4.2480383,,2.1565071457430435e-05,5.6400956119433445e-05
4,cell_RadialDistribution_ZernikeMagnitude_2_0,-4.325756,,1.520096659832429e-05,4.027269072802799e-05
4,cell_RadialDistribution_ZernikeMagnitude_5_3,-4.463807,,8.051598185436287e-06,2.1900347064386697e-05
4,cell_RadialDistribution_ZernikeMagnitude_9_5,-4.5250173,,6.0390541490133864e-06,1.6876260909571653e-05
4,cell_RadialDistribution_ZernikeMagnitude_9_1,-4.5521894,,5.309050652705078e-06,1.5042310182664385e-05
4,cell_RadialDistribution_ZernikeMagnitude_6_0,-4.7527657,,2.0065288795352503e-06,6.201998354927137e-06
4,cell_RadialDistribution_ZernikeMagnitude_8_0,-4.7527657,,2.0065288795352503e-06,6.201998354927137e-06
4,cell_RadialDistribution_ZernikeMagnitude_8_2,-4.817482,,1.4538135828651375e-06,4.634030795382626e-06
4,cell_RadialDistribution_ZernikeMagnitude_8_4,-4.8594084,,1.1773698055611242e-06,3.87392645700757e-06
4,cell_RadialDistribution_ZernikeMagnitude_6_4,-5.169257,,2.3502632564130386e-07,7.990895071804331e-07
4,cell_RadialDistribution_ZernikeMagnitude_4_0,-5.1863494,,2.144564972102427e-07,7.41510600523551e-07
4,cell_RadialDistribution_FracAtD_4of4,-5.2203875,,1.785493478329421e-07,6.280011544468999e-07
4,cell_RadialDistribution_ZernikeMagnitude_8_6,-5.333604,,9.628236295898925e-08,3.50742893636318e-07
4,cell_RadialDistribution_ZernikeMagnitude_7_1,-5.350112,,8.789993357393605e-08,3.2602884452878097e-07
4,cell_RadialDistribution_ZernikeMagnitude_9_3,-5.359169,,8.36055753481206e-08,3.158432846484556e-07
4,nucleoplasm_Zernike_5_1,-5.3854647,,7.22577575846799e-08,2.834727412937442e-07
4,cell_RadialDistribution_ZernikeMagnitude_7_3,-5.402703,,6.564418952545013e-08,2.625767581018005e-07
4,nucleoplasm_Zernike_9_1,-5.6827497,,1.3254607902620271e-08,5.878130461162033e-08
4,cell_RadialDistribution_ZernikeMagnitude_8_8,-5.7195635,,1.0679803223337429e-08,4.9515451308200805e-08
4,nucleoplasm_Zernike_2_0,-5.7293515,,1.0081541390501713e-08,4.7828707992147664e-08
4,cytoplasm_Eccentricity,-5.7550626,,8.66097634104038e-09,4.206759937076757e-08
4,nucleus_to_cell_area_ratio,-5.9281745,,3.0632086812591187e-09,1.5241330999435615e-08
4,cell_HuMoment_1,-6.0140734,,1.8091881227463996e-09,9.226859426006638e-09
4,nucleoplasm_Zernike_7_1,-6.3098974,,2.792202831051762e-10,1.4605368654732294e-09
4,nucleus_Zernike_6_2,-7.1531067,,8.483568568544597e-13,5.090141141126759e-12
4,nucleoplasm_EulerNumber,-7.347255,,2.0231863566185543e-13,1.2506970204551062e-12
4,nucleus_Zernike_4_0,-7.465439,,8.302254251930711e-14,5.292687085605828e-13
4,nucleoplasm_FormFactor,-9.132135,,6.716139369728875e-20,5.074416412684038e-19
4,nucleoplasm_Zernike_6_2,-9.181659,,4.2450276867958833e-20,3.463942592425441e-19
4,nucleoplasm_Zernike_0_0,-9.573316,,1.0353145422977348e-21,9.182789853423387e-21
4,nucleoplasm_Zernike_4_0,-10.091336,,6.034221519069811e-24,5.595369044955642e-23
4,lipid_Intensity_MinIntensity,-10.261673,,1.0487381534229115e-24,1.0187742061822569e-23
4,nucleus_Solidity,-10.485915,,1.0027014339984491e-25,1.0765846975562295e-24
4,nucleus_FormFactor,-11.055651,,2.058379863471712e-28,2.4700558361660543e-27
4,nucleoplasm_Solidity,-11.259441,,2.0807399735617287e-29,2.829806364043951e-28
4,cytoplasm_FormFactor,-11.449499,,2.3650793293922737e-30,4.286461324574782e-29
4,nucleus_Zernike_2_0,-11.791779,,4.303534317883095e-32,1.0974012510601891e-30
4,cytoplasm_EulerNumber,-12.943741,,2.549078693752582e-38,7.428743621793239e-37
