feature,cluster,cluster_size,representative,has_handpicked,source
hc_nucleus_area,178,14,hc_nucleus_area,True,handpicked
nucleus_Intensity_IntegratedIntensity,178,14,hc_nucleus_area,True,cp_measure
nucleus_Area,178,14,hc_nucleus_area,True,cp_measure
nucleus_ConvexArea,178,14,hc_nucleus_area,True,cp_measure
nucleus_EquivalentDiameter,178,14,hc_nucleus_area,True,cp_measure
nucleus_MinorAxisLength,178,14,hc_nucleus_area,True,cp_measure
nucleus_MaximumRadius,178,14,hc_nucleus_area,True,cp_measure
nucleus_MeanRadius,178,14,hc_nucleus_area,True,cp_measure
nucleus_MedianRadius,178,14,hc_nucleus_area,True,cp_measure
nucleus_FilledArea,178,14,hc_nucleus_area,True,cp_measure
nucleus_SpatialMoment_0_0,178,14,hc_nucleus_area,True,cp_measure
nucleus_CentralMoment_0_0,178,14,hc_nucleus_area,True,cp_measure
nucleus_InertiaTensorEigenvalues_1,178,14,hc_nucleus_area,True,cp_measure
nucleus_MinFeretDiameter,178,14,hc_nucleus_area,True,cp_measure
hc_cell_area,179,14,hc_cell_area,True,handpicked
cell_Intensity_IntegratedIntensity,179,14,hc_cell_area,True,cp_measure
cell_Area,179,14,hc_cell_area,True,cp_measure
cell_ConvexArea,179,14,hc_cell_area,True,cp_measure
cell_EquivalentDiameter,179,14,hc_cell_area,True,cp_measure
cell_MinorAxisLength,179,14,hc_cell_area,True,cp_measure
cell_MaximumRadius,179,14,hc_cell_area,True,cp_measure
cell_MeanRadius,179,14,hc_cell_area,True,cp_measure
cell_MedianRadius,179,14,hc_cell_area,True,cp_measure
cell_FilledArea,179,14,hc_cell_area,True,cp_measure
cell_SpatialMoment_0_0,179,14,hc_cell_area,True,cp_measure
cell_CentralMoment_0_0,179,14,hc_cell_area,True,cp_measure
cell_InertiaTensorEigenvalues_1,179,14,hc_cell_area,True,cp_measure
cell_MinFeretDiameter,179,14,hc_cell_area,True,cp_measure
nucleus_RadialDistribution_ZernikeMagnitude_0_0,201,7,nucleus_Intensity_MeanIntensity,False,cp_measure
nucleus_Intensity_MeanIntensity,201,7,nucleus_Intensity_MeanIntensity,False,cp_measure
nucleus_Intensity_LowerQuartileIntensity,201,7,nucleus_Intensity_MeanIntensity,False,cp_measure
nucleus_Intensity_MedianIntensity,201,7,nucleus_Intensity_MeanIntensity,False,cp_measure
nucleus_Intensity_UpperQuartileIntensity,201,7,nucleus_Intensity_MeanIntensity,False,cp_measure
nucleus_Intensity_MeanIntensityEdge,201,7,nucleus_Intensity_MeanIntensity,False,cp_measure
nucleus_SumAverage_3_mean_256,201,7,nucleus_Intensity_MeanIntensity,False,cp_measure
hc_cell_RI_mean,206,7,hc_cell_RI_mean,True,handpicked
cell_RadialDistribution_ZernikeMagnitude_0_0,206,7,hc_cell_RI_mean,True,cp_measure
cell_Intensity_MeanIntensity,206,7,hc_cell_RI_mean,True,cp_measure
cell_Intensity_LowerQuartileIntensity,206,7,hc_cell_RI_mean,True,cp_measure
cell_Intensity_MedianIntensity,206,7,hc_cell_RI_mean,True,cp_measure
cell_Intensity_UpperQuartileIntensity,206,7,hc_cell_RI_mean,True,cp_measure
cell_SumAverage_3_mean_256,206,7,hc_cell_RI_mean,True,cp_measure
cell_lipid_Correlation_Pearson,186,6,cell_lipid_Correlation_Manders_1,False,cp_measure
cell_lipid_Correlation_Slope,186,6,cell_lipid_Correlation_Manders_1,False,cp_measure
cell_lipid_Correlation_Manders_1,186,6,cell_lipid_Correlation_Manders_1,False,cp_measure
cell_lipid_Correlation_RWC_1,186,6,cell_lipid_Correlation_Manders_1,False,cp_measure
nucleoli_lipid_Correlation_Slope,186,6,cell_lipid_Correlation_Manders_1,False,cp_measure
cell_Contrast_3_mean_256,186,6,cell_lipid_Correlation_Manders_1,False,cp_measure
nucleus_HuMoment_2,19,5,nucleus_HuMoment_4,False,cp_measure
nucleus_HuMoment_3,19,5,nucleus_HuMoment_4,False,cp_measure
nucleus_HuMoment_4,19,5,nucleus_HuMoment_4,False,cp_measure
nucleus_HuMoment_5,19,5,nucleus_HuMoment_4,False,cp_measure
nucleus_HuMoment_6,19,5,nucleus_HuMoment_4,False,cp_measure
hc_nucleolus_to_nucleus_area_ratio,152,5,hc_nucleolus_to_nucleus_area_ratio,True,handpicked
nucleus_nucleoli_Correlation_Pearson,152,5,hc_nucleolus_to_nucleus_area_ratio,True,cp_measure
nucleus_nucleoli_Correlation_Slope,152,5,hc_nucleolus_to_nucleus_area_ratio,True,cp_measure
nucleus_nucleoli_Correlation_Manders_1,152,5,hc_nucleolus_to_nucleus_area_ratio,True,cp_measure
nucleus_nucleoli_Correlation_RWC_1,152,5,hc_nucleolus_to_nucleus_area_ratio,True,cp_measure
cell_Perimeter,174,5,cell_MaxFeretDiameter,False,cp_measure
cell_MajorAxisLength,174,5,cell_MaxFeretDiameter,False,cp_measure
cell_InertiaTensorEigenvalues_0,174,5,cell_MaxFeretDiameter,False,cp_measure
cell_PerimeterCrofton,174,5,cell_MaxFeretDiameter,False,cp_measure
cell_MaxFeretDiameter,174,5,cell_MaxFeretDiameter,False,cp_measure
nucleus_Perimeter,176,5,nucleus_MajorAxisLength,False,cp_measure
nucleus_MajorAxisLength,176,5,nucleus_MajorAxisLength,False,cp_measure
nucleus_InertiaTensorEigenvalues_0,176,5,nucleus_MajorAxisLength,False,cp_measure
nucleus_PerimeterCrofton,176,5,nucleus_MajorAxisLength,False,cp_measure
nucleus_MaxFeretDiameter,176,5,nucleus_MajorAxisLength,False,cp_measure
hc_nucleus_RI_std,203,4,hc_nucleus_RI_std,True,handpicked
nucleus_Intensity_StdIntensity,203,4,hc_nucleus_RI_std,True,cp_measure
nucleus_Variance_3_mean_256,203,4,hc_nucleus_RI_std,True,cp_measure
nucleus_SumVariance_3_mean_256,203,4,hc_nucleus_RI_std,True,cp_measure
nucleus_Intensity_MADIntensity,205,4,nucleus_Entropy_3_mean_256,False,cp_measure
nucleus_AngularSecondMoment_3_mean_256,205,4,nucleus_Entropy_3_mean_256,False,cp_measure
nucleus_SumEntropy_3_mean_256,205,4,nucleus_Entropy_3_mean_256,False,cp_measure
nucleus_Entropy_3_mean_256,205,4,nucleus_Entropy_3_mean_256,False,cp_measure
cell_HuMoment_2,93,3,cell_HuMoment_3,False,cp_measure
cell_HuMoment_3,93,3,cell_HuMoment_3,False,cp_measure
cell_HuMoment_5,93,3,cell_HuMoment_3,False,cp_measure
cell_RadialDistribution_FracAtD_1of4,130,3,cell_RadialDistribution_FracAtD_2of4,False,cp_measure
cell_RadialDistribution_FracAtD_2of4,130,3,cell_RadialDistribution_FracAtD_2of4,False,cp_measure
cell_RadialDistribution_FracAtD_4of4,130,3,cell_RadialDistribution_FracAtD_2of4,False,cp_measure
cell_Intensity_StdIntensity,185,3,cell_Variance_3_mean_256,False,cp_measure
cell_Variance_3_mean_256,185,3,cell_Variance_3_mean_256,False,cp_measure
cell_SumVariance_3_mean_256,185,3,cell_Variance_3_mean_256,False,cp_measure
nucleus_lipid_Correlation_Costes_2,193,3,nucleus_lipid_Correlation_RWC_2,False,cp_measure
nucleus_lipid_Correlation_Manders_2,193,3,nucleus_lipid_Correlation_RWC_2,False,cp_measure
nucleus_lipid_Correlation_RWC_2,193,3,nucleus_lipid_Correlation_RWC_2,False,cp_measure
nucleus_lipid_Correlation_Manders_1,194,3,nucleus_lipid_Correlation_Manders_1,False,cp_measure
nucleus_lipid_Correlation_RWC_1,194,3,nucleus_lipid_Correlation_Manders_1,False,cp_measure
nucleus_Contrast_3_mean_256,194,3,nucleus_lipid_Correlation_Manders_1,False,cp_measure
cell_Intensity_MinIntensity,1,2,cell_Intensity_MinIntensity,False,cp_measure
cell_Intensity_MinIntensityEdge,1,2,cell_Intensity_MinIntensity,False,cp_measure
cell_Granularity_16,8,2,cell_Granularity_16,False,cp_measure
nucleus_Granularity_16,8,2,cell_Granularity_16,False,cp_measure
cell_Granularity_15,9,2,cell_Granularity_15,False,cp_measure
nucleus_Granularity_15,9,2,cell_Granularity_15,False,cp_measure
cell_Granularity_12,10,2,cell_Granularity_12,False,cp_measure
nucleus_Granularity_12,10,2,cell_Granularity_12,False,cp_measure
cell_Granularity_14,11,2,cell_Granularity_14,False,cp_measure
nucleus_Granularity_14,11,2,cell_Granularity_14,False,cp_measure
cell_Granularity_13,12,2,cell_Granularity_13,False,cp_measure
nucleus_Granularity_13,12,2,cell_Granularity_13,False,cp_measure
nucleus_FormFactor,39,2,nucleus_FormFactor,False,cp_measure
nucleus_Compactness,39,2,nucleus_FormFactor,False,cp_measure
nucleus_RadialDistribution_FracAtD_2of4,40,2,nucleus_RadialDistribution_FracAtD_2of4,False,cp_measure
nucleus_RadialDistribution_FracAtD_4of4,40,2,nucleus_RadialDistribution_FracAtD_2of4,False,cp_measure
nucleus_HuMoment_0,41,2,nucleus_HuMoment_0,False,cp_measure
nucleus_HuMoment_1,41,2,nucleus_HuMoment_0,False,cp_measure
nucleus_Eccentricity,47,2,nucleus_Eccentricity,False,cp_measure
nucleus_Zernike_2_2,47,2,nucleus_Eccentricity,False,cp_measure
cell_FormFactor,128,2,cell_FormFactor,False,cp_measure
cell_Compactness,128,2,cell_FormFactor,False,cp_measure
cell_HuMoment_0,132,2,cell_HuMoment_0,False,cp_measure
cell_HuMoment_1,132,2,cell_HuMoment_0,False,cp_measure
cell_RadialDistribution_ZernikeMagnitude_6_2,136,2,cell_RadialDistribution_ZernikeMagnitude_6_2,False,cp_measure
cell_RadialDistribution_ZernikeMagnitude_8_2,136,2,cell_RadialDistribution_ZernikeMagnitude_6_2,False,cp_measure
hc_cell_eccentricity,139,2,hc_cell_eccentricity,True,handpicked
cell_Eccentricity,139,2,hc_cell_eccentricity,True,cp_measure
cell_RadialDistribution_ZernikeMagnitude_2_2,141,2,cell_RadialDistribution_ZernikeMagnitude_2_2,False,cp_measure
cell_RadialDistribution_ZernikeMagnitude_4_2,141,2,cell_RadialDistribution_ZernikeMagnitude_2_2,False,cp_measure
cell_RadialDistribution_ZernikeMagnitude_4_4,142,2,cell_RadialDistribution_ZernikeMagnitude_4_4,False,cp_measure
cell_RadialDistribution_ZernikeMagnitude_6_4,142,2,cell_RadialDistribution_ZernikeMagnitude_4_4,False,cp_measure
cell_RadialDistribution_ZernikeMagnitude_6_6,143,2,cell_RadialDistribution_ZernikeMagnitude_6_6,False,cp_measure
cell_RadialDistribution_ZernikeMagnitude_8_6,143,2,cell_RadialDistribution_ZernikeMagnitude_6_6,False,cp_measure
cell_nucleoli_Correlation_Manders_1,151,2,cell_nucleoli_Correlation_Manders_1,False,cp_measure
cell_nucleoli_Correlation_RWC_1,151,2,cell_nucleoli_Correlation_Manders_1,False,cp_measure
nucleus_InfoMeas1_3_mean_256,161,2,nucleus_InfoMeas1_3_mean_256,False,cp_measure
nucleus_InfoMeas2_3_mean_256,161,2,nucleus_InfoMeas1_3_mean_256,False,cp_measure
cell_Granularity_5,164,2,cell_Granularity_5,False,cp_measure
nucleus_Granularity_5,164,2,cell_Granularity_5,False,cp_measure
cell_Granularity_7,165,2,cell_Granularity_7,False,cp_measure
nucleus_Granularity_7,165,2,cell_Granularity_7,False,cp_measure
cell_Granularity_6,166,2,cell_Granularity_6,False,cp_measure
nucleus_Granularity_6,166,2,cell_Granularity_6,False,cp_measure
cell_Granularity_1,167,2,cell_Granularity_1,False,cp_measure
nucleus_Granularity_1,167,2,cell_Granularity_1,False,cp_measure
cell_Granularity_10,168,2,cell_Granularity_10,False,cp_measure
nucleus_Granularity_10,168,2,cell_Granularity_10,False,cp_measure
cell_Granularity_11,169,2,cell_Granularity_11,False,cp_measure
nucleus_Granularity_11,169,2,cell_Granularity_11,False,cp_measure
cell_Granularity_8,170,2,cell_Granularity_8,False,cp_measure
nucleus_Granularity_8,170,2,cell_Granularity_8,False,cp_measure
cell_Granularity_9,171,2,cell_Granularity_9,False,cp_measure
nucleus_Granularity_9,171,2,cell_Granularity_9,False,cp_measure
cell_nucleus_Correlation_Manders_1,172,2,cell_nucleus_Correlation_Manders_1,False,cp_measure
cell_nucleus_Correlation_RWC_1,172,2,cell_nucleus_Correlation_Manders_1,False,cp_measure
cell_nucleus_Correlation_Pearson,183,2,cell_nucleus_Correlation_Pearson,False,cp_measure
cell_nucleus_Correlation_Slope,183,2,cell_nucleus_Correlation_Pearson,False,cp_measure
cell_nucleoli_Correlation_Pearson,184,2,cell_nucleoli_Correlation_Pearson,False,cp_measure
cell_nucleoli_Correlation_Slope,184,2,cell_nucleoli_Correlation_Pearson,False,cp_measure
nucleus_lipid_Correlation_Pearson,187,2,nucleus_lipid_Correlation_Pearson,False,cp_measure
nucleus_lipid_Correlation_Slope,187,2,nucleus_lipid_Correlation_Pearson,False,cp_measure
nucleus_Intensity_MinIntensity,196,2,nucleus_Intensity_MinIntensity,False,cp_measure
nucleus_Intensity_MinIntensityEdge,196,2,nucleus_Intensity_MinIntensity,False,cp_measure
nucleus_InverseDifferenceMoment_3_mean_256,204,2,nucleus_InverseDifferenceMoment_3_mean_256,False,cp_measure
nucleus_DifferenceEntropy_3_mean_256,204,2,nucleus_InverseDifferenceMoment_3_mean_256,False,cp_measure
cell_AngularSecondMoment_3_mean_256,207,2,cell_AngularSecondMoment_3_mean_256,False,cp_measure
cell_InverseDifferenceMoment_3_mean_256,207,2,cell_AngularSecondMoment_3_mean_256,False,cp_measure
cell_SumEntropy_3_mean_256,208,2,cell_SumEntropy_3_mean_256,False,cp_measure
cell_Entropy_3_mean_256,208,2,cell_SumEntropy_3_mean_256,False,cp_measure
cell_DifferenceVariance_3_mean_256,209,2,cell_DifferenceVariance_3_mean_256,False,cp_measure
cell_DifferenceEntropy_3_mean_256,209,2,cell_DifferenceVariance_3_mean_256,False,cp_measure
cell_InfoMeas1_3_mean_256,218,2,cell_InfoMeas1_3_mean_256,False,cp_measure
cell_InfoMeas2_3_mean_256,218,2,cell_InfoMeas1_3_mean_256,False,cp_measure
cell_Granularity_3,2,1,cell_Granularity_3,False,cp_measure
nucleus_Granularity_3,3,1,nucleus_Granularity_3,False,cp_measure
cell_nucleus_Correlation_Costes_1,4,1,cell_nucleus_Correlation_Costes_1,False,cp_measure
cell_nucleoli_Correlation_Costes_1,5,1,cell_nucleoli_Correlation_Costes_1,False,cp_measure
cell_nucleus_Correlation_Costes_2,6,1,cell_nucleus_Correlation_Costes_2,False,cp_measure
cell_nucleus_Correlation_Manders_2,7,1,cell_nucleus_Correlation_Manders_2,False,cp_measure
cell_RadialDistribution_RadialCV_2of4,13,1,cell_RadialDistribution_RadialCV_2of4,False,cp_measure
cell_RadialDistribution_RadialCV_3of4,14,1,cell_RadialDistribution_RadialCV_3of4,False,cp_measure
cell_RadialDistribution_RadialCV_4of4,15,1,cell_RadialDistribution_RadialCV_4of4,False,cp_measure
cell_RadialDistribution_RadialCV_1of4,16,1,cell_RadialDistribution_RadialCV_1of4,False,cp_measure
nucleus_RadialDistribution_ZernikeMagnitude_8_0,17,1,nucleus_RadialDistribution_ZernikeMagnitude_8_0,False,cp_measure
nucleus_Zernike_8_0,18,1,nucleus_Zernike_8_0,False,cp_measure
nucleus_RadialDistribution_ZernikeMagnitude_8_2,20,1,nucleus_RadialDistribution_ZernikeMagnitude_8_2,False,cp_measure
nucleus_Zernike_8_2,21,1,nucleus_Zernike_8_2,False,cp_measure
nucleus_RadialDistribution_ZernikeMagnitude_4_0,22,1,nucleus_RadialDistribution_ZernikeMagnitude_4_0,False,cp_measure
nucleus_RadialDistribution_ZernikeMagnitude_9_9,23,1,nucleus_RadialDistribution_ZernikeMagnitude_9_9,False,cp_measure
nucleus_Zernike_9_9,24,1,nucleus_Zernike_9_9,False,cp_measure
nucleus_RadialDistribution_ZernikeMagnitude_7_7,25,1,nucleus_RadialDistribution_ZernikeMagnitude_7_7,False,cp_measure
nucleus_Zernike_7_7,26,1,nucleus_Zernike_7_7,False,cp_measure
nucleus_Zernike_3_3,27,1,nucleus_Zernike_3_3,False,cp_measure
nucleus_Zernike_5_5,28,1,nucleus_Zernike_5_5,False,cp_measure
nucleus_RadialDistribution_ZernikeMagnitude_6_0,29,1,nucleus_RadialDistribution_ZernikeMagnitude_6_0,False,cp_measure
nucleus_Zernike_6_0,30,1,nucleus_Zernike_6_0,False,cp_measure
nucleus_RadialDistribution_ZernikeMagnitude_6_2,31,1,nucleus_RadialDistribution_ZernikeMagnitude_6_2,False,cp_measure
nucleus_Zernike_6_2,32,1,nucleus_Zernike_6_2,False,cp_measure
nucleus_RadialDistribution_ZernikeMagnitude_2_0,33,1,nucleus_RadialDistribution_ZernikeMagnitude_2_0,False,cp_measure
nucleus_Zernike_2_0,34,1,nucleus_Zernike_2_0,False,cp_measure
nucleus_Zernike_6_6,35,1,nucleus_Zernike_6_6,False,cp_measure
nucleus_Zernike_8_8,36,1,nucleus_Zernike_8_8,False,cp_measure
nucleus_RadialDistribution_ZernikeMagnitude_8_6,37,1,nucleus_RadialDistribution_ZernikeMagnitude_8_6,False,cp_measure
nucleus_Zernike_8_6,38,1,nucleus_Zernike_8_6,False,cp_measure
nucleus_RadialDistribution_ZernikeMagnitude_4_2,42,1,nucleus_RadialDistribution_ZernikeMagnitude_4_2,False,cp_measure
nucleus_Zernike_4_2,43,1,nucleus_Zernike_4_2,False,cp_measure
nucleus_RadialDistribution_ZernikeMagnitude_2_2,44,1,nucleus_RadialDistribution_ZernikeMagnitude_2_2,False,cp_measure
nucleus_Zernike_0_0,45,1,nucleus_Zernike_0_0,False,cp_measure
nucleus_RadialDistribution_ZernikeMagnitude_4_4,46,1,nucleus_RadialDistribution_ZernikeMagnitude_4_4,False,cp_measure
nucleus_Zernike_4_0,48,1,nucleus_Zernike_4_0,False,cp_measure
nucleus_RadialDistribution_ZernikeMagnitude_8_4,49,1,nucleus_RadialDistribution_ZernikeMagnitude_8_4,False,cp_measure
nucleus_Zernike_8_4,50,1,nucleus_Zernike_8_4,False,cp_measure
nucleus_Zernike_4_4,51,1,nucleus_Zernike_4_4,False,cp_measure
nucleus_RadialDistribution_ZernikeMagnitude_9_5,52,1,nucleus_RadialDistribution_ZernikeMagnitude_9_5,False,cp_measure
nucleus_Zernike_9_5,53,1,nucleus_Zernike_9_5,False,cp_measure
nucleus_RadialDistribution_ZernikeMagnitude_9_7,54,1,nucleus_RadialDistribution_ZernikeMagnitude_9_7,False,cp_measure
nucleus_Zernike_9_7,55,1,nucleus_Zernike_9_7,False,cp_measure
nucleus_RadialDistribution_ZernikeMagnitude_7_3,56,1,nucleus_RadialDistribution_ZernikeMagnitude_7_3,False,cp_measure
nucleus_Zernike_7_3,57,1,nucleus_Zernike_7_3,False,cp_measure
nucleus_RadialDistribution_ZernikeMagnitude_1_1,58,1,nucleus_RadialDistribution_ZernikeMagnitude_1_1,False,cp_measure
nucleus_RadialDistribution_ZernikeMagnitude_3_1,59,1,nucleus_RadialDistribution_ZernikeMagnitude_3_1,False,cp_measure
nucleus_Zernike_3_1,60,1,nucleus_Zernike_3_1,False,cp_measure
nucleus_Solidity,61,1,nucleus_Solidity,False,cp_measure
nucleus_RadialDistribution_ZernikeMagnitude_3_3,62,1,nucleus_RadialDistribution_ZernikeMagnitude_3_3,False,cp_measure
nucleus_RadialDistribution_ZernikeMagnitude_5_5,63,1,nucleus_RadialDistribution_ZernikeMagnitude_5_5,False,cp_measure
nucleus_RadialDistribution_ZernikeMagnitude_5_3,64,1,nucleus_RadialDistribution_ZernikeMagnitude_5_3,False,cp_measure
nucleus_RadialDistribution_ZernikeMagnitude_7_5,65,1,nucleus_RadialDistribution_ZernikeMagnitude_7_5,False,cp_measure
nucleus_RadialDistribution_ZernikeMagnitude_6_6,66,1,nucleus_RadialDistribution_ZernikeMagnitude_6_6,False,cp_measure
nucleus_RadialDistribution_ZernikeMagnitude_8_8,67,1,nucleus_RadialDistribution_ZernikeMagnitude_8_8,False,cp_measure
nucleus_RadialDistribution_ZernikeMagnitude_6_4,68,1,nucleus_RadialDistribution_ZernikeMagnitude_6_4,False,cp_measure
nucleus_Zernike_7_5,69,1,nucleus_Zernike_7_5,False,cp_measure
nucleus_RadialDistribution_ZernikeMagnitude_7_1,70,1,nucleus_RadialDistribution_ZernikeMagnitude_7_1,False,cp_measure
nucleus_Zernike_7_1,71,1,nucleus_Zernike_7_1,False,cp_measure
nucleus_RadialDistribution_ZernikeMagnitude_9_1,72,1,nucleus_RadialDistribution_ZernikeMagnitude_9_1,False,cp_measure
nucleus_Zernike_9_1,73,1,nucleus_Zernike_9_1,False,cp_measure
nucleus_RadialDistribution_ZernikeMagnitude_9_3,74,1,nucleus_RadialDistribution_ZernikeMagnitude_9_3,False,cp_measure
nucleus_Zernike_9_3,75,1,nucleus_Zernike_9_3,False,cp_measure
nucleus_Zernike_1_1,76,1,nucleus_Zernike_1_1,False,cp_measure
nucleus_Zernike_5_1,77,1,nucleus_Zernike_5_1,False,cp_measure
nucleus_RadialDistribution_ZernikeMagnitude_5_1,78,1,nucleus_RadialDistribution_ZernikeMagnitude_5_1,False,cp_measure
nucleus_Zernike_5_3,79,1,nucleus_Zernike_5_3,False,cp_measure
nucleus_EulerNumber,80,1,nucleus_EulerNumber,False,cp_measure
nucleus_Zernike_6_4,81,1,nucleus_Zernike_6_4,False,cp_measure
cell_Zernike_7_3,82,1,cell_Zernike_7_3,False,cp_measure
cell_Zernike_9_5,83,1,cell_Zernike_9_5,False,cp_measure
cell_Zernike_8_4,84,1,cell_Zernike_8_4,False,cp_measure
cell_Zernike_9_1,85,1,cell_Zernike_9_1,False,cp_measure
cell_Zernike_9_3,86,1,cell_Zernike_9_3,False,cp_measure
cell_Zernike_6_0,87,1,cell_Zernike_6_0,False,cp_measure
cell_Zernike_8_2,88,1,cell_Zernike_8_2,False,cp_measure
cell_Zernike_6_2,89,1,cell_Zernike_6_2,False,cp_measure
cell_Zernike_5_1,90,1,cell_Zernike_5_1,False,cp_measure
cell_Zernike_7_1,91,1,cell_Zernike_7_1,False,cp_measure
cell_Zernike_8_0,92,1,cell_Zernike_8_0,False,cp_measure
cell_HuMoment_4,94,1,cell_HuMoment_4,False,cp_measure
cell_HuMoment_6,95,1,cell_HuMoment_6,False,cp_measure
cell_Zernike_2_2,96,1,cell_Zernike_2_2,False,cp_measure
cell_Zernike_4_2,97,1,cell_Zernike_4_2,False,cp_measure
cell_Zernike_4_4,98,1,cell_Zernike_4_4,False,cp_measure
cell_Zernike_6_4,99,1,cell_Zernike_6_4,False,cp_measure
cell_Zernike_6_6,100,1,cell_Zernike_6_6,False,cp_measure
cell_Zernike_8_6,101,1,cell_Zernike_8_6,False,cp_measure
cell_Zernike_8_8,102,1,cell_Zernike_8_8,False,cp_measure
cell_Zernike_3_3,103,1,cell_Zernike_3_3,False,cp_measure
cell_Zernike_5_3,104,1,cell_Zernike_5_3,False,cp_measure
cell_Zernike_5_5,105,1,cell_Zernike_5_5,False,cp_measure
cell_Zernike_7_5,106,1,cell_Zernike_7_5,False,cp_measure
cell_Zernike_7_7,107,1,cell_Zernike_7_7,False,cp_measure
cell_Zernike_9_9,108,1,cell_Zernike_9_9,False,cp_measure
cell_Zernike_9_7,109,1,cell_Zernike_9_7,False,cp_measure
cell_RadialDistribution_ZernikeMagnitude_1_1,110,1,cell_RadialDistribution_ZernikeMagnitude_1_1,False,cp_measure
cell_RadialDistribution_ZernikeMagnitude_3_1,111,1,cell_RadialDistribution_ZernikeMagnitude_3_1,False,cp_measure
cell_Zernike_3_1,112,1,cell_Zernike_3_1,False,cp_measure
cell_Zernike_1_1,113,1,cell_Zernike_1_1,False,cp_measure
cell_Zernike_4_0,114,1,cell_Zernike_4_0,False,cp_measure
cell_RadialDistribution_ZernikeMagnitude_3_3,115,1,cell_RadialDistribution_ZernikeMagnitude_3_3,False,cp_measure
cell_RadialDistribution_ZernikeMagnitude_5_3,116,1,cell_RadialDistribution_ZernikeMagnitude_5_3,False,cp_measure
cell_RadialDistribution_ZernikeMagnitude_7_7,117,1,cell_RadialDistribution_ZernikeMagnitude_7_7,False,cp_measure
cell_RadialDistribution_ZernikeMagnitude_9_9,118,1,cell_RadialDistribution_ZernikeMagnitude_9_9,False,cp_measure
cell_RadialDistribution_ZernikeMagnitude_7_5,119,1,cell_RadialDistribution_ZernikeMagnitude_7_5,False,cp_measure
cell_RadialDistribution_ZernikeMagnitude_9_7,120,1,cell_RadialDistribution_ZernikeMagnitude_9_7,False,cp_measure
cell_RadialDistribution_ZernikeMagnitude_5_5,121,1,cell_RadialDistribution_ZernikeMagnitude_5_5,False,cp_measure
cell_RadialDistribution_ZernikeMagnitude_7_3,122,1,cell_RadialDistribution_ZernikeMagnitude_7_3,False,cp_measure
cell_RadialDistribution_ZernikeMagnitude_9_3,123,1,cell_RadialDistribution_ZernikeMagnitude_9_3,False,cp_measure
cell_RadialDistribution_ZernikeMagnitude_9_5,124,1,cell_RadialDistribution_ZernikeMagnitude_9_5,False,cp_measure
cell_RadialDistribution_ZernikeMagnitude_7_1,125,1,cell_RadialDistribution_ZernikeMagnitude_7_1,False,cp_measure
cell_RadialDistribution_ZernikeMagnitude_9_1,126,1,cell_RadialDistribution_ZernikeMagnitude_9_1,False,cp_measure
cell_RadialDistribution_ZernikeMagnitude_5_1,127,1,cell_RadialDistribution_ZernikeMagnitude_5_1,False,cp_measure
cell_Solidity,129,1,cell_Solidity,False,cp_measure
cell_RadialDistribution_FracAtD_3of4,131,1,cell_RadialDistribution_FracAtD_3of4,False,cp_measure
cell_Zernike_2_0,133,1,cell_Zernike_2_0,False,cp_measure
cell_RadialDistribution_ZernikeMagnitude_4_0,134,1,cell_RadialDistribution_ZernikeMagnitude_4_0,False,cp_measure
cell_RadialDistribution_ZernikeMagnitude_6_0,135,1,cell_RadialDistribution_ZernikeMagnitude_6_0,False,cp_measure
cell_RadialDistribution_ZernikeMagnitude_8_4,137,1,cell_RadialDistribution_ZernikeMagnitude_8_4,False,cp_measure
cell_RadialDistribution_ZernikeMagnitude_8_0,138,1,cell_RadialDistribution_ZernikeMagnitude_8_0,False,cp_measure
cell_Zernike_0_0,140,1,cell_Zernike_0_0,False,cp_measure
cell_RadialDistribution_ZernikeMagnitude_8_8,144,1,cell_RadialDistribution_ZernikeMagnitude_8_8,False,cp_measure
cell_Granularity_4,145,1,cell_Granularity_4,False,cp_measure
nucleus_Granularity_4,146,1,nucleus_Granularity_4,False,cp_measure
nucleus_RadialDistribution_FracAtD_1of4,147,1,nucleus_RadialDistribution_FracAtD_1of4,False,cp_measure
nucleus_RadialDistribution_MeanFrac_1of4,148,1,nucleus_RadialDistribution_MeanFrac_1of4,False,cp_measure
nucleus_RadialDistribution_FracAtD_3of4,149,1,nucleus_RadialDistribution_FracAtD_3of4,False,cp_measure
nucleus_RadialDistribution_MeanFrac_3of4,150,1,nucleus_RadialDistribution_MeanFrac_3of4,False,cp_measure
nucleus_RadialDistribution_MeanFrac_2of4,153,1,nucleus_RadialDistribution_MeanFrac_2of4,False,cp_measure
nucleus_RadialDistribution_MeanFrac_4of4,154,1,nucleus_RadialDistribution_MeanFrac_4of4,False,cp_measure
cell_Granularity_2,155,1,cell_Granularity_2,False,cp_measure
nucleus_Granularity_2,156,1,nucleus_Granularity_2,False,cp_measure
nucleus_RadialDistribution_RadialCV_4of4,157,1,nucleus_RadialDistribution_RadialCV_4of4,False,cp_measure
nucleus_Intensity_MassDisplacement,158,1,nucleus_Intensity_MassDisplacement,False,cp_measure
nucleus_RadialDistribution_RadialCV_1of4,159,1,nucleus_RadialDistribution_RadialCV_1of4,False,cp_measure
nucleus_RadialDistribution_RadialCV_2of4,160,1,nucleus_RadialDistribution_RadialCV_2of4,False,cp_measure
nucleus_Correlation_3_mean_256,162,1,nucleus_Correlation_3_mean_256,False,cp_measure
nucleus_RadialDistribution_RadialCV_3of4,163,1,nucleus_RadialDistribution_RadialCV_3of4,False,cp_measure
hc_nucleus_to_cell_area_ratio,173,1,hc_nucleus_to_cell_area_ratio,True,handpicked
cell_Intensity_IntegratedIntensityEdge,175,1,cell_Intensity_IntegratedIntensityEdge,False,cp_measure
nucleus_Intensity_IntegratedIntensityEdge,177,1,nucleus_Intensity_IntegratedIntensityEdge,False,cp_measure
hc_lipid_area,180,1,hc_lipid_area,True,handpicked
nucleus_nucleoli_Correlation_RWC_2,181,1,nucleus_nucleoli_Correlation_RWC_2,False,cp_measure
cell_Intensity_MassDisplacement,182,1,cell_Intensity_MassDisplacement,False,cp_measure
nucleoli_lipid_Correlation_Pearson,188,1,nucleoli_lipid_Correlation_Pearson,False,cp_measure
cell_nucleus_Correlation_RWC_2,189,1,cell_nucleus_Correlation_RWC_2,False,cp_measure
cell_nucleoli_Correlation_RWC_2,190,1,cell_nucleoli_Correlation_RWC_2,False,cp_measure
cell_lipid_Correlation_RWC_2,191,1,cell_lipid_Correlation_RWC_2,False,cp_measure
cell_Intensity_MaxIntensity,192,1,cell_Intensity_MaxIntensity,False,cp_measure
nucleus_lipid_Correlation_Costes_1,195,1,nucleus_lipid_Correlation_Costes_1,False,cp_measure
nucleus_Intensity_MaxIntensity,197,1,nucleus_Intensity_MaxIntensity,False,cp_measure
nucleus_DifferenceVariance_3_mean_256,198,1,nucleus_DifferenceVariance_3_mean_256,False,cp_measure
nucleus_Intensity_StdIntensityEdge,199,1,nucleus_Intensity_StdIntensityEdge,False,cp_measure
nucleus_Intensity_MaxIntensityEdge,200,1,nucleus_Intensity_MaxIntensityEdge,False,cp_measure
cell_Intensity_MADIntensity,202,1,cell_Intensity_MADIntensity,False,cp_measure
cell_RadialDistribution_ZernikeMagnitude_2_0,210,1,cell_RadialDistribution_ZernikeMagnitude_2_0,False,cp_measure
cell_RadialDistribution_MeanFrac_2of4,211,1,cell_RadialDistribution_MeanFrac_2of4,False,cp_measure
cell_RadialDistribution_MeanFrac_4of4,212,1,cell_RadialDistribution_MeanFrac_4of4,False,cp_measure
cell_RadialDistribution_MeanFrac_1of4,213,1,cell_RadialDistribution_MeanFrac_1of4,False,cp_measure
cell_RadialDistribution_MeanFrac_3of4,214,1,cell_RadialDistribution_MeanFrac_3of4,False,cp_measure
cell_Intensity_StdIntensityEdge,215,1,cell_Intensity_StdIntensityEdge,False,cp_measure
cell_Intensity_MaxIntensityEdge,216,1,cell_Intensity_MaxIntensityEdge,False,cp_measure
cell_Intensity_MeanIntensityEdge,217,1,cell_Intensity_MeanIntensityEdge,False,cp_measure
cell_Correlation_3_mean_256,219,1,cell_Correlation_3_mean_256,False,cp_measure
cell_lipid_Correlation_Manders_2,220,1,cell_lipid_Correlation_Manders_2,False,cp_measure
cell_EulerNumber,221,1,cell_EulerNumber,False,cp_measure
