,PC1,PC2,PC3,PC4,PC5,PC6,PC7,PC8,PC9,PC10,PC11,PC12,PC13,PC14,PC15
cell_RadialDistribution_FracAtD_1of4,0.061538834,0.048496794,-0.13874076,0.038370844,0.006910819,0.0057579377,0.00047831697,0.04471562,-0.008347612,0.0021095974,-0.0189068,0.0381842,0.020705918,-0.050639905,-0.12271178
cell_RadialDistribution_MeanFrac_1of4,0.029722026,0.022298688,-0.051725324,0.06551779,0.04572063,0.00017539153,-0.03847027,0.0907769,-0.042704623,0.068543,-0.10340133,0.072525024,0.021225434,-0.06518259,-0.13071942
cell_RadialDistribution_RadialCV_1of4,-0.007858346,0.014466409,0.010475415,0.0016460668,0.019524312,0.0019828947,-0.083287366,0.04616159,-0.051473554,-0.009280197,0.06344639,-0.023830067,0.005820794,0.10667583,0.07034373
cell_RadialDistribution_FracAtD_2of4,0.060467757,0.050623566,-0.15114003,0.028430508,0.008868667,0.00012408652,0.00733567,0.042793963,-0.0030926834,-0.00047870737,-0.031252462,0.035691258,0.010590703,-0.05042598,-0.116350405
cell_RadialDistribution_MeanFrac_2of4,0.026253343,0.02650707,-0.052094083,0.057287365,0.057384476,0.0030954487,-0.032733265,0.095072456,-0.038153414,0.06766656,-0.14349465,0.07793831,0.01602658,-0.09003342,-0.1442291
cell_RadialDistribution_RadialCV_2of4,-0.009960105,0.02708791,0.007781277,0.03674159,0.009008582,0.02123385,-0.11052575,0.009027428,-0.03944374,-0.006324459,0.04704281,-0.051033124,0.031875476,0.20848598,0.08918417
cell_RadialDistribution_FracAtD_3of4,0.037919823,0.04638502,-0.16213164,-0.0018393483,0.0077495556,-0.01648589,0.02478746,0.026020711,0.015312053,-0.001669436,-0.0516669,0.024170892,-0.019832507,-0.023378205,-0.041637417
cell_RadialDistribution_MeanFrac_3of4,-0.034394804,0.014558281,0.014425419,-0.012227179,0.064657584,-0.0010693065,-0.014116172,0.065888785,-0.005828816,0.06248557,-0.16934957,0.07113692,0.008838217,-0.06862573,-0.07768381
cell_RadialDistribution_RadialCV_3of4,0.0002949954,0.031407483,-0.013012688,0.055175137,0.016620599,0.025719186,-0.12482785,-0.002891843,-0.047557045,-0.017447265,0.015544221,-0.054687567,0.047775548,0.23206867,0.12540768
cell_RadialDistribution_FracAtD_4of4,-0.05351006,-0.0515399,0.16459662,-0.016878692,-0.008615309,0.0071983677,-0.015380675,-0.037638143,-0.004971044,0.0007195747,0.041516878,-0.032730594,0.0021747851,0.04048262,0.08822234
cell_RadialDistribution_MeanFrac_4of4,-0.030221632,-0.05489389,0.11207576,-0.040260077,-0.05223517,0.006730126,0.03040279,-0.08791421,0.022691209,-0.04427133,0.14113522,-0.07535149,-0.014239982,0.072982036,0.14599909
cell_RadialDistribution_RadialCV_4of4,-0.016079238,0.031642195,0.0050998926,-0.010320366,-0.004296636,0.042067185,-0.07096276,-0.024958527,-0.010901564,-0.015055875,0.002259146,-0.05461789,0.06276129,0.21633974,0.16311716
cell_RadialDistribution_ZernikeMagnitude_0_0,-0.10679185,0.0680917,-0.038862687,-0.05786774,0.04560393,-0.014200653,0.12133045,-0.047154177,0.036202274,-0.07599912,0.02626476,0.011530275,-0.009891872,-0.007777903,-0.023955569
cell_RadialDistribution_ZernikeMagnitude_1_1,-0.03318985,0.0038324995,0.017259225,-0.029547984,0.041226093,0.17199497,0.100160494,0.056428317,-0.007869044,0.032170206,-0.019372508,0.04280257,-0.010245021,0.01191574,0.024191882
cell_RadialDistribution_ZernikeMagnitude_2_0,-0.086896285,0.030839039,0.012888649,-0.027798023,0.059652362,-0.12217904,0.04652513,-0.013743014,0.02683936,-0.0037661686,-0.058936775,0.055636834,-0.051145013,-0.011459941,-0.019495428
cell_RadialDistribution_ZernikeMagnitude_2_2,-0.085753135,-0.00899234,0.09575741,-0.04435356,0.019582707,-0.06307346,0.022243615,-0.040669095,0.0056138313,-0.0021633476,0.055274326,-0.06356752,0.0028784168,0.053987805,0.09303116
cell_RadialDistribution_ZernikeMagnitude_3_1,-0.041751884,-0.007321928,0.056563094,-0.020226011,0.056204066,0.16033442,0.087923415,0.08584026,-0.011810685,0.06770662,-0.06912269,0.084895186,-0.093709804,0.032925133,0.013293032
cell_RadialDistribution_ZernikeMagnitude_3_3,-0.038194843,-0.005725778,0.06126333,-0.032115202,0.023516696,0.17411974,0.06471984,0.010091382,-0.015100877,-0.020211985,0.041001946,-0.049782302,0.11497375,-0.018156761,0.027938757
cell_RadialDistribution_ZernikeMagnitude_4_0,-0.06588134,-0.007360941,0.081515744,-0.0042143795,0.048558958,-0.14541323,-0.031866215,-0.010204005,0.010481334,0.030363463,-0.06303972,0.03288535,0.014498274,-0.033021487,-0.021363087
cell_RadialDistribution_ZernikeMagnitude_4_2,-0.08562804,-0.015727274,0.10794028,-0.04307174,0.032713357,-0.08714021,0.0027187811,-0.027192226,0.003501512,0.01796431,0.018368673,-0.033632938,0.016184581,0.02280829,0.065509096
cell_RadialDistribution_ZernikeMagnitude_4_4,-0.07981789,-0.0196579,0.118678674,-0.041069575,0.024594026,-0.076894246,0.013408167,-0.030211292,0.008931543,0.004293229,0.026013963,-0.02124386,-0.0043721567,0.013620254,0.060099714
cell_RadialDistribution_ZernikeMagnitude_5_1,-0.04930293,-0.012920222,0.096600495,-0.0172182,0.055024005,0.105352774,0.057975948,0.077105604,-0.0058274474,0.07583312,-0.06857579,0.08527871,-0.14415985,0.06668591,-0.024606163
cell_RadialDistribution_ZernikeMagnitude_5_3,-0.05185535,-0.011837315,0.09906879,-0.034643512,0.04408482,0.15862492,0.059205662,0.048551977,-0.015475239,0.024387438,0.010538811,-0.007373275,0.004707287,0.026953917,0.0014977343
cell_RadialDistribution_ZernikeMagnitude_5_5,-0.036490593,-0.006129494,0.07895493,-0.028518496,0.01696353,0.16163284,0.04772657,0.0038575022,-0.0112144025,-0.031686615,0.045396738,-0.07389467,0.17783235,-0.05338108,0.014228564
cell_RadialDistribution_ZernikeMagnitude_6_0,-0.0640169,-0.010294025,0.1080369,-0.008604097,0.039581906,-0.13158563,-0.041729916,-0.024251884,0.010233595,0.012831652,-0.0286909,-0.0007555096,0.09323279,-0.044475462,-0.028582226
cell_RadialDistribution_ZernikeMagnitude_6_2,-0.07525237,-0.011998086,0.12033575,-0.031389356,0.041856326,-0.10204459,-0.028213952,-0.0131444605,-0.0024146782,0.016850913,-0.02400537,0.002855234,0.06643049,-0.04813776,-0.0339293
cell_RadialDistribution_ZernikeMagnitude_6_4,-0.075825885,-0.021559961,0.12504286,-0.044527777,0.02838322,-0.09651315,-0.0013723321,-0.022954237,-0.0007260241,0.013994335,0.008897334,-0.008476033,0.018659072,-0.016570164,0.0305482
cell_RadialDistribution_ZernikeMagnitude_6_6,-0.07595798,-0.019834682,0.12213881,-0.040143576,0.022734847,-0.0832458,0.023363184,-0.010712201,0.006067028,0.018939868,0.010240294,0.031100469,-0.028390655,-0.014314681,0.030484267
cell_RadialDistribution_ZernikeMagnitude_7_1,-0.05390725,-0.012694377,0.11381107,-0.031105153,0.04937851,0.076039664,0.029832602,0.055008713,0.0055503054,0.056836594,-0.029089792,0.071248144,-0.124219276,0.070082866,-0.06472746
cell_RadialDistribution_ZernikeMagnitude_7_3,-0.05869839,-0.010901318,0.119367056,-0.037736602,0.052943356,0.09990844,0.04014206,0.056030042,-0.00076330575,0.0440708,-0.0041997554,0.032348286,-0.08298459,0.05589212,-0.041571252
cell_RadialDistribution_ZernikeMagnitude_7_5,-0.048123352,-0.014434176,0.11127002,-0.034238335,0.039966572,0.14723708,0.0571915,0.034617525,-0.005886943,0.004230385,0.02218443,-0.04234733,0.074173555,-0.005545059,-0.006122805
cell_RadialDistribution_ZernikeMagnitude_7_7,-0.036355663,-0.0072507137,0.08055878,-0.018834326,0.013312207,0.14307557,0.035706513,0.0035340413,-0.012109242,-0.024850104,0.055257812,-0.090734266,0.1879511,-0.05134171,0.022488922
cell_RadialDistribution_ZernikeMagnitude_8_0,-0.057049554,-0.008941698,0.10583389,-0.022402348,0.03961577,-0.10078017,-0.02578178,-0.0038047798,0.0021612847,-0.00317813,-0.031720113,0.0018815745,0.102556005,-0.0658162,-0.05106369
cell_RadialDistribution_ZernikeMagnitude_8_2,-0.068399936,-0.009141287,0.12169615,-0.021228068,0.03995511,-0.105497085,-0.038835764,-0.009141004,-0.0031320476,0.006884793,-0.02451257,-0.002743448,0.104954794,-0.058911093,-0.050981116
cell_RadialDistribution_ZernikeMagnitude_8_4,-0.067917936,-0.011879836,0.12152581,-0.039183903,0.03191982,-0.08470414,-0.020189246,-0.0022441486,-0.005594033,0.0072111674,-0.01721163,0.007640649,0.0715978,-0.07005424,-0.04445475
cell_RadialDistribution_ZernikeMagnitude_8_6,-0.06938704,-0.02169604,0.12442648,-0.04689723,0.026146533,-0.09232904,0.010550945,-0.0072508636,-0.0033845904,0.024497872,0.0010563517,0.034479465,-0.0023375007,-0.048410658,0.00046408921
cell_RadialDistribution_ZernikeMagnitude_8_8,-0.070462145,-0.019830594,0.12467722,-0.03560278,0.028565176,-0.07761461,0.025828736,0.0035796918,0.009563008,0.025658714,-0.0011116727,0.031124562,-0.04174672,-0.031293306,-0.0021651238
cell_RadialDistribution_ZernikeMagnitude_9_1,-0.056076933,-0.010619409,0.113814645,-0.031176345,0.044604402,0.05741378,0.018605199,0.041210003,0.00961711,0.045812912,-0.016902491,0.05883276,-0.08117574,0.046128258,-0.089473486
cell_RadialDistribution_ZernikeMagnitude_9_3,-0.060536727,-0.008537875,0.11816066,-0.037809573,0.046624843,0.06372763,0.02533453,0.048081383,0.011162225,0.038744286,-0.006405167,0.050187383,-0.08537027,0.047232598,-0.07174309
cell_RadialDistribution_ZernikeMagnitude_9_5,-0.05707338,-0.010643353,0.11824023,-0.037115254,0.04892744,0.08908601,0.043688208,0.042756304,0.0044824625,0.018841336,-0.0037699516,0.0018468255,-0.02760516,0.03172591,-0.03842569
cell_RadialDistribution_ZernikeMagnitude_9_7,-0.048930984,-0.0139357075,0.11034588,-0.031580582,0.031305477,0.12318718,0.05025973,0.028302165,-0.006552228,0.009463296,0.0332219,-0.06159097,0.087926574,-0.015953626,0.0045655854
cell_RadialDistribution_ZernikeMagnitude_9_9,-0.035337515,-0.009235005,0.0784017,-0.018814007,0.013326053,0.116116874,0.032460865,-0.0012895877,-0.0058523742,-0.02243755,0.043461256,-0.0801176,0.17913316,-0.052453578,0.02432451
cell_Intensity_IntegratedIntensity,0.09496592,0.11750119,0.0538489,-0.006195788,0.059795596,-0.00804419,-0.0163746,-0.04823368,-0.006166159,-0.041524168,0.0101219835,0.022996042,-0.0060028695,0.016533852,-0.018709034
cell_Intensity_MeanIntensity,-0.106792,0.06809076,-0.03886402,-0.057867527,0.045601934,-0.014199388,0.121331476,-0.047154807,0.03620304,-0.07599881,0.026267383,0.011528413,-0.009890464,-0.007778641,-0.023956873
cell_Intensity_StdIntensity,-0.069041125,0.10395825,-0.056068655,-0.10645038,0.06048897,-0.0032424568,-0.07102266,0.05467009,-0.03159793,-0.017935794,-0.05146216,0.0067161056,0.04640302,0.0828368,-0.0054430366
cell_Intensity_MinIntensity,-0.011622972,0.009358465,-0.017478317,-0.030804235,-0.0035319666,0.011056965,0.03493231,-0.05432235,0.016455844,-0.00782631,0.053532403,-0.022327563,-0.07003948,0.021581668,-0.10281454
cell_Intensity_MaxIntensity,-0.011549855,0.06556831,-0.020776223,-0.11362795,0.0244277,-0.00033787178,-0.05885622,0.06716624,0.010715518,0.052556574,-0.0014278007,-0.021579364,0.014410113,-0.03546567,0.042279292
cell_Intensity_MassDisplacement,0.02191181,0.03745594,0.073869966,0.008731326,0.014141693,0.027862374,-0.06524901,-0.03523915,-0.037917793,-0.002724839,-0.008471111,-0.03577153,0.049797308,0.11310928,0.06736012
cell_Intensity_LowerQuartileIntensity,-0.08983292,0.027604628,-0.02292225,-0.054685563,0.015556321,-0.02070498,0.18107815,-0.06542433,0.06104135,-0.07530176,0.06746242,0.00848734,-0.039908834,-0.069555685,-0.029629882
cell_Intensity_MedianIntensity,-0.10521771,0.045221202,-0.026496766,-0.037965775,0.037295736,-0.015996274,0.15418851,-0.0641088,0.052340135,-0.08105156,0.04083194,0.010016522,-0.021398628,-0.030020572,-0.020477995
cell_Intensity_MADIntensity,-0.09287642,0.07952488,-0.02868478,0.023235809,0.08049997,0.006176992,0.0007480607,-0.026258087,-0.0085125165,-0.0479012,-0.06504453,0.02029808,0.040760122,0.091020666,0.004292585
cell_Intensity_UpperQuartileIntensity,-0.11003821,0.07582645,-0.036026116,-0.015338154,0.06259324,-0.008474718,0.10582301,-0.056143332,0.030682152,-0.07519639,-0.0019066724,0.017254733,0.005305297,0.019212468,-0.020492256
cell_Intensity_IntegratedIntensityEdge,0.06460298,0.0692183,0.12979952,-0.043464683,0.031080624,0.033884585,0.023069242,-0.046577197,-0.02108919,-0.023602383,0.018103657,0.022582775,-0.019866347,-0.050954808,0.0026712753
cell_Intensity_MeanIntensityEdge,-0.032578267,0.013555027,-0.014097881,-0.09447957,-0.058900844,0.008481178,0.15226063,-0.10861917,0.052568376,-0.052787904,0.13589263,-0.043341547,-0.048341695,-0.02127756,0.0041870326
cell_Intensity_StdIntensityEdge,-0.0037457822,0.009873683,-0.0025515824,-0.11150617,-0.06279892,0.008077369,0.11285358,-0.07771721,0.056221157,-0.017137785,0.12606525,-0.05424896,-0.015762964,0.0051797437,0.05555059
cell_Intensity_MinIntensityEdge,-0.009728445,0.011264121,-0.017963454,-0.034733288,-0.0058108345,0.011400583,0.035621446,-0.057144273,0.019156616,-0.009503841,0.05472475,-0.022437215,-0.069886364,0.024445267,-0.10202144
cell_Intensity_MaxIntensityEdge,0.020948729,0.014709622,0.018421844,-0.11527147,-0.053667214,0.0061721136,0.08390556,-0.063357405,0.05285384,0.011406847,0.09895576,-0.050512265,-0.01430209,-0.011807731,0.033265263
cell_Area,0.107294776,0.0978924,0.053362545,0.0072385287,0.04666864,-0.007814346,-0.04261457,-0.035836782,-0.0077963434,-0.02020197,0.013263224,0.0149369165,0.0016687231,0.015803583,-0.024045236
cell_ConvexArea,0.103387326,0.091759115,0.07721334,0.005044062,0.05022619,0.016079936,-0.04368071,-0.03258744,-0.014725378,-0.01514591,-0.0003368275,0.027498607,0.008014677,-0.0018711735,-0.016704902
cell_EquivalentDiameter,0.11471667,0.091869965,0.05726082,0.009761335,0.0473342,-0.0035259956,-0.053158376,-0.012620446,-0.030056948,-0.0234282,-0.0069433604,0.023392085,-0.004838576,-0.001860563,-0.000828065
cell_Perimeter,0.08321046,0.06453166,0.1306975,-0.0001284094,0.05646485,0.026493497,-0.048973627,0.002133413,-0.03919351,0.0016517441,-0.03849376,0.043831043,0.0042692437,-0.037795395,-0.0016152486
cell_MajorAxisLength,0.049281474,0.04883068,0.16399023,-0.0038896985,0.06245495,-0.013646678,-0.057737816,0.010077697,-0.04068016,0.011752199,-0.025009252,0.024982927,-0.017962364,0.0024736528,0.02156912
cell_MinorAxisLength,0.11878512,0.08646575,0.008015965,0.014638421,0.03304479,0.04507917,-0.038076878,-0.018364772,-0.022999873,-0.037388474,-0.0064976537,0.032495603,0.030275054,-0.03493096,-0.028732166
cell_Eccentricity,-0.06506904,-0.0425652,0.104451716,-0.017500548,0.016381823,-0.060856335,0.0012525049,0.013076097,-0.0055890516,0.059892334,-0.018514056,-0.012321729,-0.08461862,0.082364805,0.115112
cell_FormFactor,0.035463292,0.04145746,-0.16432506,0.012678527,-0.026216071,-0.043344866,0.0031262934,-0.017882112,0.017996898,-0.05330627,0.061378136,-0.03852555,-0.014850038,0.047511537,-0.03597288
cell_Solidity,0.012194188,0.03430364,-0.13014676,0.0019168745,-0.022139724,-0.11671151,0.00757763,-0.011854956,0.033196755,-0.036371566,0.06350543,-0.049319945,-0.036051463,0.071490906,-0.03131281
cell_Compactness,-0.033906493,-0.029869532,0.15790176,-0.016591173,0.03277032,0.053682536,-0.0051931236,0.027069246,-0.018808762,0.04301274,-0.053218894,0.041744806,0.03129588,-0.07199136,-0.040700108
cell_EulerNumber,-0.0076382523,-0.014012263,-0.01246622,-0.014863665,0.004534774,0.002400299,0.017373819,-0.008545482,0.016016072,0.0035016136,0.015616923,0.025755078,0.009516143,0.02193702,0.01498197
cell_MaximumRadius,0.11977153,0.095344394,-0.006796165,0.01037945,0.035593916,-0.002571771,-0.033099767,-0.011508303,-0.015967097,-0.03201912,0.0076783802,0.023349332,0.0045615043,-0.0106138,-0.037295453
cell_MeanRadius,0.118679844,0.09675106,-0.014765132,0.011807193,0.03195579,-0.016186161,-0.0375174,-0.015101589,-0.014450541,-0.035952203,0.016138488,0.012826649,-0.003078124,0.0069034817,-0.032175988
cell_MedianRadius,0.11752355,0.0969137,-0.015872145,0.013772678,0.029885644,-0.021200573,-0.041380003,-0.017713683,-0.015155494,-0.03965394,0.020243507,0.006824382,-0.0058462713,0.015286168,-0.026108466
cell_FilledArea,0.10729479,0.0978935,0.05336417,0.0072402093,0.046664048,-0.007816889,-0.042615283,-0.035835188,-0.0077972766,-0.020198256,0.013258675,0.014933429,0.0016658322,0.01580467,-0.024043016
cell_SpatialMoment_0_0,0.107294776,0.0978924,0.053362545,0.0072385287,0.04666864,-0.007814346,-0.04261457,-0.035836782,-0.0077963434,-0.02020197,0.013263224,0.0149369165,0.0016687231,0.015803583,-0.024045236
cell_CentralMoment_0_0,0.107294776,0.0978924,0.053362545,0.0072385287,0.04666864,-0.007814346,-0.04261457,-0.035836782,-0.0077963434,-0.02020197,0.013263224,0.0149369165,0.0016687231,0.015803583,-0.024045236
cell_HuMoment_0,-0.059820075,-0.031586718,0.16548651,-0.013930747,0.03310961,-0.0025025606,-0.022624014,0.024580441,-0.011536845,0.03460639,-0.011737857,0.009416488,0.02398055,-0.016884426,-0.043788232
cell_HuMoment_1,-0.052143175,-0.021204095,0.14140491,-0.01259772,0.02634374,-0.02158291,-0.022848176,0.027010916,-0.006463675,0.022979196,0.005743999,0.002129014,0.027784687,-0.016600521,-0.07727969
cell_HuMoment_2,-0.017762436,-0.0104244575,0.065600045,-0.0077795023,0.026493818,0.05870257,0.0045223315,0.024862332,-0.014474088,0.022480587,-0.00043078815,0.007815013,0.041129842,-0.04271499,-0.028842203
cell_HuMoment_3,-0.018006371,-0.0074412576,0.05724767,-0.0076921526,0.022200115,0.034734808,0.0024487001,0.023430172,-0.009885164,0.020783275,0.011142874,-0.0018675461,0.04198662,-0.031200606,-0.02513021
cell_HuMoment_4,-0.005122838,-0.0029098198,0.017817063,-0.001390804,0.00692888,0.01601566,0.0002246373,0.006926252,-0.0031743252,0.009726387,0.005716388,-0.0070815175,0.021141242,-0.014848936,-0.0062358016
cell_HuMoment_5,-0.013648121,-0.0052004093,0.04284999,-0.0051688426,0.014437602,0.021785503,-0.0006396746,0.01866171,-0.007467622,0.015187998,0.011878923,-0.0041752933,0.037740365,-0.023339564,-0.020464506
cell_HuMoment_6,-0.00137404,0.00089709985,0.0036202134,-0.0028583386,0.004045549,0.0056580263,0.00018067553,0.0014837919,-0.003937709,0.004523462,0.001742135,-0.0049769212,0.008815756,-0.004871477,0.00019037293
cell_InertiaTensorEigenvalues_0,0.04945647,0.05819238,0.15481363,-0.006471927,0.060071472,-0.011315191,-0.050100096,-0.0023004413,-0.02950145,0.008642055,-0.010859126,0.021547798,-0.01483392,0.0074341125,0.0055679195
cell_InertiaTensorEigenvalues_1,0.10594353,0.091999464,0.025856633,0.010320607,0.038541127,0.022983292,-0.03413779,-0.042060804,-0.0006280261,-0.030756887,0.01562656,0.022804167,0.034044284,-0.009259048,-0.052087523
cell_PerimeterCrofton,0.08319231,0.06452512,0.13068277,-0.00013211157,0.056438148,0.026522411,-0.048926555,0.0022140986,-0.03918885,0.0016210886,-0.038482215,0.043834567,0.0042984807,-0.03788436,-0.0016724169
cell_Zernike_0_0,0.060364924,0.052969765,-0.15123798,0.023132695,-0.033802036,0.014619986,-0.009960656,-0.028490415,0.009448349,-0.06881411,0.04795693,-0.03367696,0.03562411,0.0034404506,-0.06017639
cell_Zernike_1_1,0.030002156,0.013198898,-0.07739952,0.014193305,-0.0015222273,0.14577942,0.049390562,0.04070424,-0.01379259,-0.0037523853,0.011973825,0.022973558,-0.0012474904,0.040862173,0.030089835
cell_Zernike_2_0,0.055820744,0.03282987,-0.14690623,0.00744392,-0.035039492,-0.06269633,0.008122593,-0.029583162,0.017464334,-0.041580573,0.025757205,-0.017049044,-0.017434005,-0.012619141,-0.01316772
cell_Zernike_2_2,-0.013245471,0.01052283,-0.05188716,0.01705402,-0.02482406,-0.07070094,-0.041129135,-0.060926907,-0.01016371,-0.038245723,0.051581703,-0.100655876,-0.025071148,0.14146139,0.16274068
cell_Zernike_3_1,0.009895347,-0.017797666,-0.014712467,0.0023180582,0.0057102516,0.15510848,0.07874291,0.072705746,-0.014534059,0.0467277,-0.041103687,0.065542646,-0.11815277,0.055471055,0.084254235
cell_Zernike_3_3,0.02855931,0.009533078,-0.04632885,0.022550968,-0.008962197,0.15376846,-0.0002806655,-0.0031753837,-0.022199498,-0.057452645,0.03113738,-0.049120285,0.14286979,-0.025592914,0.005875176
cell_Zernike_4_0,-0.012914115,0.004345145,0.0100430865,-0.015155601,0.0014831446,-0.14653602,-0.027152782,-0.030048527,0.03015939,0.014649577,-0.033380985,0.0074599315,0.035346653,-0.068526104,-0.07025395
cell_Zernike_4_2,-0.036386084,-0.027566621,0.017968457,-0.0004298961,-0.0123970555,-0.113728195,-0.034079604,-0.061634816,-0.006864651,0.010187341,0.024726003,-0.07065798,-0.023389844,0.102015086,0.20780237
cell_Zernike_4_4,-0.021923853,-0.0025170445,-0.014513531,0.019716203,-0.00555231,-0.09026924,-0.046197984,-0.050946567,0.0018225409,-0.023934461,-0.00054851675,-0.03582846,-0.045377996,0.088129126,0.15251288
cell_Zernike_5_1,0.006459611,-0.007950558,0.010336515,-0.0006348069,0.011967697,0.13461265,0.052791096,0.05897506,-0.0062148343,0.05781537,-0.029192723,0.0660399,-0.15810005,0.09670191,-0.018841228
cell_Zernike_5_3,0.015426454,-0.0044169747,0.00033479204,0.015693188,0.0019279401,0.18633422,0.022930343,0.033366192,-0.032682203,-0.021650167,0.017039005,-0.01541452,0.03118971,0.016043467,0.03120821
cell_Zernike_5_5,0.025514023,0.012350152,-0.024547888,0.022895606,-0.006388396,0.15367377,-0.011493263,-0.0049486887,-0.017150758,-0.06695323,0.033242393,-0.074181214,0.20401876,-0.046036948,0.0006248262
cell_Zernike_6_0,-0.028530987,-0.009219435,0.05832633,-0.010300837,0.014936667,-0.12734789,-0.05145326,-0.04668558,0.0038784982,-0.015852764,0.0065714656,-0.04515736,0.13459975,-0.05493108,-0.0010936093
cell_Zernike_6_2,-0.011913198,-0.0036320146,0.026400592,-0.009559731,-0.0014930603,-0.11152042,-0.044185136,-0.0491111,0.0015519962,-0.015515253,0.016006922,-0.017290652,0.088170774,-0.080228485,-0.05300178
cell_Zernike_6_4,-0.028933894,-0.026622126,0.04892985,0.005831846,-0.0010890418,-0.12094191,-0.04142004,-0.052987617,-0.010716806,0.009318936,-0.022734206,-0.009626646,-0.031148067,0.023548901,0.14055565
cell_Zernike_6_6,-0.026099145,-0.0033992573,-0.0011520061,0.012092258,-0.0059462436,-0.099686205,-0.01834978,-0.02080813,-0.006335075,0.005391016,-0.017071057,0.053286232,-0.0811055,0.04644499,0.12968111
cell_Zernike_7_1,0.0016965296,-0.0020898823,0.023943687,-0.015089035,0.010276939,0.10248523,0.023255918,0.042819012,0.011873797,0.03330524,-0.0029783358,0.06252364,-0.15406416,0.07414811,-0.0559266
cell_Zernike_7_3,0.0033500937,-0.0041212053,0.021330673,-0.0051036943,0.012668577,0.12742037,0.030316288,0.04545082,0.002751605,0.024054708,0.011344502,0.024321917,-0.12137067,0.09008983,-0.010507897
cell_Zernike_7_5,0.011198511,-0.003319951,0.019055506,0.017152982,0.005787036,0.17506623,0.024263358,0.020508852,-0.016314374,-0.03584818,0.012997356,-0.054398365,0.12745832,-0.010467247,0.031641636
cell_Zernike_7_7,0.025495663,0.0116495555,-0.022253688,0.03194732,-0.004751489,0.14495088,-0.024841817,-0.0047454652,-0.019663803,-0.05905668,0.040474642,-0.09102896,0.21317269,-0.043955486,0.015406347
cell_Zernike_8_0,-0.014702697,0.0020686311,0.02625525,-0.0016538223,-0.0023402006,-0.071753144,-0.025974905,-0.011361683,-0.011548976,-0.034904055,-0.004050019,-0.015748866,0.12502725,-0.070817865,-0.025249023
cell_Zernike_8_2,-0.013476737,-0.0014983878,0.04571935,-0.0008285341,0.009354242,-0.10478556,-0.04188371,-0.02193162,-0.00964419,-0.013923947,-0.004053299,-0.008014428,0.1452752,-0.08896064,-0.008331213
cell_Zernike_8_4,-0.0042185523,-0.0028738005,0.016960502,-0.008941047,-0.010197361,-0.08341115,-0.038641624,-0.015758688,-0.0098771835,0.0030695715,-0.031225942,0.001922334,0.06591729,-0.0880316,-0.018270543
cell_Zernike_8_6,-0.027110828,-0.025870355,0.05278458,-0.00501276,0.00073766324,-0.10355446,-0.019896906,-0.021237541,-0.017022615,0.03231155,-0.035208356,0.060401496,-0.052197292,-0.022359278,0.08590132
cell_Zernike_8_8,-0.022234969,-0.004175558,0.0051828995,0.017295543,0.0043998174,-0.09386148,-0.010919808,-0.0040572174,0.002231485,0.013719787,-0.03153711,0.034755386,-0.10427626,0.024697483,0.08128106
cell_Zernike_9_1,0.0019663682,0.0033865634,0.010200598,-0.009970196,0.0024876124,0.07882221,0.030814625,0.033281527,0.009980266,0.042728405,-0.008843417,0.045394994,-0.09777914,0.041760758,-0.071356304
cell_Zernike_9_3,-0.0020164542,0.0004988425,0.013215238,-0.005056683,0.0076251677,0.07631742,0.021378407,0.031377003,0.015960706,0.029018141,0.010177125,0.045445155,-0.11603804,0.06754036,-0.020196121
cell_Zernike_9_5,0.0012480143,-0.002573195,0.018329734,0.0004115026,0.018958665,0.10679029,0.029730478,0.025243104,0.0018768265,-0.0069933077,-0.0043021766,-0.010627041,-0.03746543,0.06838926,0.018859398
cell_Zernike_9_7,0.011310419,-0.0018926502,0.024776137,0.021462694,0.0006786924,0.14954956,0.012434934,0.009953142,-0.013077347,-0.020695921,0.010838922,-0.07641429,0.1327836,-0.005953415,0.051970713
cell_Zernike_9_9,0.022065701,0.009545843,-0.019451525,0.025385952,-0.0015407967,0.12458407,-0.018323313,-0.008437602,-0.01662785,-0.05316664,0.032951284,-0.07852327,0.20455962,-0.036327537,0.03281851
cell_MinFeretDiameter,0.11566027,0.08051055,0.026684193,0.014856473,0.035604272,0.054198585,-0.04015225,-0.017405326,-0.030947551,-0.03312771,-0.015531721,0.037225887,0.030147461,-0.04328851,-0.012234487
cell_MaxFeretDiameter,0.060855553,0.050763503,0.1564831,-0.010052003,0.0696329,-0.010313081,-0.04312024,0.01995289,-0.037035204,0.02127652,-0.039899398,0.0493835,-0.027199592,-0.02405442,-0.001016885
cell_Granularity_1,0.049110495,0.014146753,0.054426122,-0.05423394,-0.033606403,0.019848108,-0.03744711,-0.024162754,0.0025813512,0.032388482,0.06086157,-0.031838913,-0.029797923,0.02226728,-0.12788637
cell_Granularity_2,-0.025991278,0.003889882,0.014962756,-0.12281542,0.0020300816,-0.019749222,-0.037028708,0.076512694,-0.05570619,-0.010746244,0.047148187,-0.037007645,0.008500347,0.020086687,0.013066601
cell_Granularity_3,-0.026743006,-0.001365281,0.0036494052,-0.0846277,-0.0012402099,-0.014336886,0.0059776115,0.011407751,0.00073511474,0.00085888285,0.0058784373,-0.0101066725,0.026526432,0.024606362,0.0033998583
cell_Granularity_4,-0.04371782,-0.0019337072,-0.0038334376,-0.013106181,0.0034801555,0.010769692,-0.020130761,-0.0044517964,0.0102092065,0.00847519,0.0054040146,0.0014167324,0.010087303,-0.0103608025,-0.03576602
cell_Granularity_5,-0.047836423,0.005717539,-0.004720031,0.008830439,0.0001700121,0.011791555,-0.009615802,-0.010252317,0.011038614,-0.028610464,0.008416566,0.021108726,0.0029127938,0.029287696,-0.08012678
cell_Granularity_6,-0.046875212,0.00563243,0.013491061,0.010066649,-0.00662708,-0.01641474,-0.031306595,-0.01220444,0.008417452,-0.03760446,0.024359848,-0.01648346,0.0154682845,0.027884124,-0.04154996
cell_Granularity_7,-0.050202757,0.00026602868,0.020663254,0.022960724,-0.0059912936,-0.023198102,-0.029562823,-0.018552525,0.012572295,-0.010617102,0.043677308,-0.038428802,0.010376771,0.0807164,-0.09175696
cell_Granularity_8,-0.05805262,-0.0018650155,0.028510557,0.035052292,0.015033485,-0.03599472,-0.03139646,-0.008472314,0.029930333,0.010267848,0.040448926,-0.04782661,0.05280693,0.08831842,-0.15847138
cell_Granularity_9,-0.057532005,-0.00047793018,-0.00028747894,0.05145062,0.026498822,-0.02583954,-0.020039821,-0.015769418,0.031249734,0.041336566,-0.0072893095,-0.020840757,0.05651233,0.08925779,-0.10685314
cell_Granularity_10,-0.05247334,-0.0042169774,-0.01817818,0.04367626,0.04110417,-0.023837738,-0.0058887647,0.00933109,0.011912186,0.044628926,-0.04605064,-0.007961189,0.036712047,0.06997321,0.0072650462
cell_Granularity_11,-0.041915476,0.00041934507,-0.026371388,0.035653826,0.040819105,-0.002647119,0.00082598673,0.015220986,-0.007137408,-0.005406392,-0.068648905,0.038252667,0.0072345277,0.028169826,0.1038269
cell_Granularity_12,-0.029035868,0.0021010411,-0.026357159,0.027470835,0.04207903,0.012095329,0.018930158,0.03138191,-0.02430521,-0.025200969,-0.07727678,0.050588746,-0.01066534,-0.06659222,0.17413613
cell_Granularity_13,-0.012368207,0.0030241213,-0.029935304,0.02176579,0.028987365,0.006181989,0.036830574,0.058015563,-0.031177264,-0.05196629,-0.08812789,0.078327015,-0.004826744,-0.10339861,0.16795453
cell_Granularity_14,-0.0022029574,0.0028198946,-0.027658265,0.019776821,0.026268862,0.007408758,0.035555147,0.048579015,-0.034140885,-0.08431356,-0.04942688,0.064974576,-0.032317758,-0.1402276,0.16217616
cell_Granularity_15,0.007959406,-0.0023681463,-0.03313688,0.012319946,0.030108435,0.0016179447,0.036213282,0.02409881,-0.026505815,-0.05949907,-0.060941502,0.04318652,-0.02686519,-0.14104818,0.12201964
cell_Granularity_16,0.009356153,-0.0007619889,-0.022196878,0.0069502546,0.01483479,0.019105628,0.021075498,0.0027436512,-0.016110172,-0.061787833,-0.049703017,0.02411182,-0.016647184,-0.09750664,0.07695473
nucleus_RadialDistribution_FracAtD_1of4,0.033948734,-0.04499722,-0.018769847,-0.034509264,0.11390603,-0.011916075,0.021344127,-0.060756505,-0.14411472,-0.0077076196,-0.0017932914,-0.11408134,-0.0041613933,0.03223546,0.04937572
nucleus_RadialDistribution_MeanFrac_1of4,-0.002229515,0.0037795103,0.003478009,-0.009097431,0.043532696,-0.025287462,-0.020763217,-0.0008913959,-0.10645696,-0.05799477,0.027918233,-0.08094336,0.022825591,0.026427725,0.03299285
nucleus_RadialDistribution_RadialCV_1of4,-0.0010842644,0.0052586803,0.0016121016,0.020142388,0.03412557,-0.0022124236,-0.048311606,0.044335976,-0.09500564,-0.031294998,0.12281514,-0.014222931,-0.057727344,-0.05440295,0.0113609815
nucleus_RadialDistribution_FracAtD_2of4,0.041667435,-0.06500631,-0.017553745,-0.030300485,0.12209463,-0.016280212,0.03385382,-0.008665885,-0.122033164,0.009705158,0.054773323,-0.07290195,-0.014332414,0.022635095,0.04503854
nucleus_RadialDistribution_MeanFrac_2of4,0.01702796,-0.002687882,-0.0044656424,-0.012666469,0.05491893,-0.046594884,-0.009642742,0.101437725,-0.1029126,-0.004348661,0.10792957,-0.06830743,0.011567688,-0.017202161,0.015742166
nucleus_RadialDistribution_RadialCV_2of4,-0.007344319,0.022763507,0.0015689438,0.024202107,0.053441845,-0.021727474,-0.0644117,0.09312599,-0.15232658,-0.05573202,0.15928496,-0.018372234,-0.080970705,-0.0435594,-0.0103325
nucleus_RadialDistribution_FracAtD_3of4,0.023406953,-0.041787077,-0.0014867417,0.018273216,0.035440292,-0.014188839,0.051911257,0.036971163,0.03399363,0.025539896,0.08227569,0.05328797,-0.00300631,-0.006231281,-0.020967076
nucleus_RadialDistribution_MeanFrac_3of4,0.022307266,0.0050182524,-0.011519213,0.010533644,-0.026310023,-0.017343707,0.046486445,0.076583594,0.1039495,0.091223955,0.05160218,0.054516792,-0.009456527,-0.047268905,-0.05158952
nucleus_RadialDistribution_RadialCV_3of4,-0.0075082956,0.030754555,-0.012002781,0.035998754,0.025441803,-0.00018131213,-0.065357484,0.070182845,-0.047548268,0.040765103,0.16407841,0.022332102,-0.099323705,-0.041524917,-0.023645159
nucleus_RadialDistribution_FracAtD_4of4,-0.044112805,0.069076486,0.015852416,0.018008493,-0.11752363,0.01926186,-0.049781367,0.0044341497,0.0929001,-0.015436724,-0.06941138,0.047690645,0.010629957,-0.018829495,-0.029181724
nucleus_RadialDistribution_MeanFrac_4of4,-0.035996366,0.00124336,0.015212761,0.008814209,-0.054295976,0.06385661,-0.027812006,-0.13704844,0.04867316,-0.050008923,-0.13623424,0.05644012,-0.0033631653,0.03739585,0.015630122
nucleus_RadialDistribution_RadialCV_4of4,-0.041252367,0.032573774,-0.027109938,0.026722027,-0.03698335,0.042474285,-0.08299455,-0.04694245,0.047033563,0.064279854,0.07110353,0.006408275,-0.049839634,0.051184893,-0.03584395
nucleus_RadialDistribution_ZernikeMagnitude_0_0,-0.095599174,0.07839447,-0.034179103,0.07731602,0.11271354,-0.0069743344,0.051135313,-0.031245867,0.0033619793,-0.03132268,-0.021894401,0.009961419,0.024109313,0.015842397,-0.023638465
nucleus_RadialDistribution_ZernikeMagnitude_1_1,-0.023960005,0.087630674,0.0055048293,0.023506373,-0.100518435,-0.011804611,0.1045586,-0.03449428,-0.14821954,0.07852955,0.012609945,0.03785719,0.03896883,0.033498473,0.04527916
nucleus_RadialDistribution_ZernikeMagnitude_2_0,-0.08690195,0.06776091,0.02137074,0.06903432,-0.027119985,-0.008978193,-0.020427313,0.063811846,0.069705054,-0.08623475,0.077834845,0.07455035,0.03670139,0.021737503,-0.027026072
nucleus_RadialDistribution_ZernikeMagnitude_2_2,-0.057814654,0.0848468,0.06134826,0.076983325,-0.100484096,-0.015534497,0.014241083,0.117714286,0.034145396,-0.09904766,-0.024139972,-0.06412891,-0.020974439,-0.009377235,0.0037760325
nucleus_RadialDistribution_ZernikeMagnitude_3_1,-0.02093271,0.093648635,0.014096395,0.031414468,-0.09622182,-0.01361122,0.083880864,-0.009427481,-0.13595073,0.055773735,-0.0115191005,-0.053870738,-0.015586762,0.008370082,0.0155489985
nucleus_RadialDistribution_ZernikeMagnitude_3_3,-0.020947143,0.078246534,0.010173524,0.020153122,-0.08327167,-0.008619852,0.081647865,-0.029301964,-0.1365821,0.11304973,-0.025144925,-0.03291803,-0.012074109,0.003842073,-0.0009799227
nucleus_RadialDistribution_ZernikeMagnitude_4_0,-0.0035020541,-0.0014117127,-0.0372834,-0.010244242,0.062063966,0.024380889,0.06958283,-0.08547102,-0.005417903,0.08529615,-0.10967567,-0.13991323,-0.057905484,-0.007642969,0.0030455415
nucleus_RadialDistribution_ZernikeMagnitude_4_2,-0.027555997,0.09745843,0.04413443,0.054837428,-0.109140694,-0.019852063,0.04118609,0.0721515,-0.044862624,-0.019440347,-0.07451213,-0.16986062,-0.040945638,-0.039038345,-0.012922221
nucleus_RadialDistribution_ZernikeMagnitude_4_4,-0.049427424,0.09091372,0.053765256,0.065261416,-0.10631396,-0.017897213,0.03763401,0.0666695,-0.019508677,-0.030671485,-0.039047413,-0.10837851,-0.015372931,-0.016418524,0.0030262284
nucleus_RadialDistribution_ZernikeMagnitude_5_1,-0.027396206,0.07274566,0.010188648,0.029234698,-0.07069966,-0.0047643366,0.056625687,-0.020763345,-0.07601646,0.02168421,0.048891254,0.11114854,0.051271636,0.031316437,0.06062206
nucleus_RadialDistribution_ZernikeMagnitude_5_3,-0.01907227,0.08721248,0.0156180505,0.040437143,-0.08759078,-0.013873291,0.07378172,0.01102289,-0.10349734,0.053194072,-0.007012825,-0.012229704,-0.012159631,-0.00064301584,0.02682735
nucleus_RadialDistribution_ZernikeMagnitude_5_5,-0.025977002,0.07070451,0.008239075,0.017250475,-0.07630424,-0.013107388,0.066867754,-0.039327744,-0.12577674,0.08866659,-0.013642707,-0.04062328,-0.0070973975,0.0026276226,-0.011425486
nucleus_RadialDistribution_ZernikeMagnitude_6_0,0.0039559556,0.020292507,-0.016342055,0.0003658601,0.0644772,0.0013723688,0.048556983,-0.079753414,-0.10715817,0.024598591,-0.10698513,-0.17086661,-0.03506922,-0.01297359,-0.046694234
nucleus_RadialDistribution_ZernikeMagnitude_6_2,-0.060002655,0.044172388,0.039655656,0.05982428,-0.047437906,0.008603041,-0.013375309,0.07262682,0.06526308,-0.100135736,0.025349785,0.005266417,-0.038038768,0.03575891,-0.0006807707
nucleus_RadialDistribution_ZernikeMagnitude_6_4,-0.020763211,0.07620279,0.032274116,0.051149305,-0.07668492,0.0033170492,0.05062361,0.049716298,-0.042155426,-8.289146e-07,-0.050216224,-0.120766714,-0.065058015,-0.013175973,0.028510038
nucleus_RadialDistribution_ZernikeMagnitude_6_6,-0.04430407,0.08216261,0.038630918,0.046426672,-0.097632624,-0.0072488445,0.03948797,0.025309552,-0.053907923,0.01945719,-0.042855196,-0.10633325,-0.014510084,-0.025526885,-0.011223447
nucleus_RadialDistribution_ZernikeMagnitude_7_1,-0.031842697,0.061309475,0.0014324641,0.021025356,-0.030025132,-0.0024700104,0.05488588,-0.034616806,-0.1354127,0.030962696,0.027372822,0.022307025,0.048985716,0.010170382,0.035917297
nucleus_RadialDistribution_ZernikeMagnitude_7_3,-0.03554072,0.08464055,0.013880661,0.043768324,-0.07944695,-0.014505839,0.041931953,0.012740413,-0.1011967,0.04699743,-0.012282621,0.006000066,-0.0071098027,0.008577206,-0.0060929395
nucleus_RadialDistribution_ZernikeMagnitude_7_5,-0.027106669,0.07742923,0.015172997,0.037161823,-0.08654671,-0.009317681,0.041553505,0.013763105,-0.0746784,0.0434792,-0.014151145,-0.0076631363,-0.013035841,-0.0028004528,0.0037264843
nucleus_RadialDistribution_ZernikeMagnitude_7_7,-0.03332516,0.06255954,0.0043692165,0.0065875757,-0.06731493,-0.001767117,0.06415904,-0.056141023,-0.10773951,0.08794208,-0.010688886,-0.049205583,-0.0025375427,-0.0036529272,-0.03688066
nucleus_RadialDistribution_ZernikeMagnitude_8_0,-0.01965919,0.036020104,0.016160313,0.023447013,0.011237437,-0.02031839,0.011939276,0.033441357,-0.043964297,-0.04235253,-0.04661494,-0.108727016,-0.054881804,-0.016291564,-0.018948419
nucleus_RadialDistribution_ZernikeMagnitude_8_2,-0.01812613,0.022457879,0.0065911678,0.02701228,0.039686132,0.0068546375,0.017969696,0.03320416,-0.031090451,-0.04006692,-0.04584669,-0.13023713,-0.07279882,-0.008456437,0.04683552
nucleus_RadialDistribution_ZernikeMagnitude_8_4,-0.051155586,0.07568516,0.04423928,0.07010455,-0.08000042,-0.007312465,-0.010416382,0.06618162,0.023086961,-0.07449332,-0.0056552873,-0.04192889,-0.0009532029,-0.016008351,-0.030212676
nucleus_RadialDistribution_ZernikeMagnitude_8_6,-0.039709564,0.06880552,0.029921519,0.056246374,-0.07506274,-0.003792857,0.019091897,0.05977478,0.002752727,-0.049233485,-0.022499926,-0.062434405,-0.031216102,-0.01670534,-0.0033979826
nucleus_RadialDistribution_ZernikeMagnitude_8_8,-0.042525124,0.066178754,0.028166285,0.023024362,-0.082693994,-0.005104476,0.044928726,-0.003549463,-0.07125992,0.032435972,-0.034735102,-0.09379455,-0.007490216,-0.023237161,-0.028113674
nucleus_RadialDistribution_ZernikeMagnitude_9_1,-0.033409465,0.0633459,0.0037794183,0.03224172,-0.039201107,-0.012943848,0.036123022,-0.004537778,-0.09032713,0.008477433,0.047080588,0.03372937,0.025051143,0.018017143,0.06041421
nucleus_RadialDistribution_ZernikeMagnitude_9_3,-0.03533504,0.0699076,0.0067156004,0.04461582,-0.04877371,-0.010701862,0.04184095,-0.006645745,-0.0633387,0.043668248,0.04757739,0.06739455,0.01932232,0.018859008,0.03672396
nucleus_RadialDistribution_ZernikeMagnitude_9_5,-0.032876935,0.081711136,0.020199426,0.036788337,-0.08997422,-0.018375961,0.042725906,0.020023748,-0.0654678,0.0361488,0.010674043,0.015509543,0.0026296421,-0.017033044,0.0027747191
nucleus_RadialDistribution_ZernikeMagnitude_9_7,-0.038667604,0.08414863,0.011640758,0.028388873,-0.09071412,-0.008353763,0.040903386,-0.00861134,-0.053853013,0.047487147,-0.008415771,-0.021476584,-0.0025080137,-0.02261888,-0.031145182
nucleus_RadialDistribution_ZernikeMagnitude_9_9,-0.039510265,0.050015368,0.0039310614,-0.004206764,-0.056019258,0.0047455975,0.05144317,-0.0643641,-0.102844276,0.091733366,-0.031440515,-0.045249324,0.0011868563,-0.011668071,-0.04813013
nucleus_Intensity_IntegratedIntensity,0.08589457,0.12129096,0.047126114,0.008860392,0.06713718,-0.019233143,0.055151947,-0.046341173,0.07949595,-0.012846398,0.013113865,0.012172006,0.007848108,0.032287538,0.0132404715
nucleus_Intensity_MeanIntensity,-0.09560741,0.07838188,-0.034189325,0.07730824,0.11271006,-0.0069738626,0.051131155,-0.0312607,0.0033482078,-0.03131296,-0.021898037,0.009957969,0.024105955,0.015853267,-0.023652658
nucleus_Intensity_StdIntensity,-0.06842751,0.09495151,-0.030899212,0.04267006,0.092834935,0.011711822,-0.10710117,0.042444777,-0.06686034,0.034850612,0.1467068,-0.022261566,-0.058543544,-0.058640637,0.009797066
nucleus_Intensity_MinIntensity,-0.043894917,0.053184688,-0.023605553,0.04935722,0.11327456,-0.004979079,0.06689862,-0.04298542,0.0035275333,-0.048692603,-0.11085835,0.04553729,0.019248184,-0.034852766,0.017850615
nucleus_Intensity_MaxIntensity,-0.050923426,0.086067416,-0.03681035,-0.071342535,0.03385637,0.023414211,-0.08905313,0.02894329,0.06071567,0.100135624,-0.017205706,-0.024866162,0.0418688,-0.038718827,0.05248754
nucleus_Intensity_MassDisplacement,0.0095302565,0.074475296,0.013355095,0.026538774,-0.012588793,0.024457105,-0.024147855,-0.040951315,0.036891162,0.046421375,0.06427954,-0.026006544,-0.0846215,0.054505054,-0.0068544606
nucleus_Intensity_LowerQuartileIntensity,-0.09398955,0.067762025,-0.03264511,0.0728558,0.10555422,-0.010293878,0.07484072,-0.043307025,0.015219249,-0.04078083,-0.05545514,0.012125696,0.039816957,0.027472215,-0.02861622
nucleus_Intensity_MedianIntensity,-0.096332006,0.07258584,-0.031439614,0.07746255,0.10342518,-0.0030418602,0.06441621,-0.04995029,0.018683095,-0.036860537,-0.040274635,0.012305473,0.029411947,0.02374547,-0.024999902
nucleus_Intensity_MADIntensity,-0.07598141,0.08399604,-0.019155381,0.07839457,0.06448636,0.037481517,-0.02570486,-0.051680997,0.027239032,0.010672688,0.07419724,0.009445428,-0.040103395,-0.008804052,0.007230386
nucleus_Intensity_UpperQuartileIntensity,-0.09498431,0.081915796,-0.03449733,0.07950872,0.108306706,-0.0023366709,0.049955778,-0.03420479,0.01523639,-0.022688635,-0.01847692,0.01356946,0.023441877,0.019888647,-0.021581218
nucleus_Intensity_IntegratedIntensityEdge,0.041404884,0.16008969,0.034343746,0.017681982,0.037260093,-0.0066752946,0.04167037,-0.026725803,0.08249781,0.00034404962,-0.053374574,-0.0056670797,-0.006987973,0.013898749,0.030192748
nucleus_Intensity_MeanIntensityEdge,-0.08933336,0.0910211,-0.02488958,0.05706268,0.10736306,0.012947722,0.028004343,-0.05597357,0.0034687216,-0.049032137,-0.06275304,0.023910863,0.019358857,0.02079807,0.0019716173
nucleus_Intensity_StdIntensityEdge,-0.06106113,0.073797315,-0.04792565,-0.053409953,-0.012471284,0.031889297,-0.068906575,0.0047440976,0.052780114,0.07681076,-0.018178025,-0.018184148,0.017073961,0.054798163,-0.014884356
nucleus_Intensity_MinIntensityEdge,-0.038406074,0.055703387,-0.016998526,0.046047352,0.11203717,-0.0016396211,0.06010407,-0.047396775,-0.0026629616,-0.05262023,-0.102373786,0.04660601,0.012256376,-0.040182237,0.022198416
nucleus_Intensity_MaxIntensityEdge,-0.042036332,0.0846848,-0.03776387,-0.07674216,0.0171645,0.02343838,-0.038921576,0.019851862,0.0631875,0.075932585,-0.052884933,-0.020192083,0.040452525,0.012684139,0.019616764
nucleus_Area,0.10437806,0.10281523,0.05272263,-0.0068546613,0.040411536,-0.018372143,0.03526421,-0.03709641,0.075694785,-0.0038074807,0.023090465,0.0077990047,0.0028101804,0.027729245,0.011820532
nucleus_ConvexArea,0.094026074,0.113798216,0.053730432,-0.0031374937,0.012577338,-0.019519428,0.04847672,-0.03307949,0.05250191,0.007665385,0.006327397,-0.021326223,-0.008881341,0.027566805,0.015944093
nucleus_EquivalentDiameter,0.11100922,0.09652837,0.053711243,-0.007197328,0.0392119,-0.01752458,0.038925037,-0.016211929,0.078131944,0.0022430588,0.012635801,0.010526777,0.00083479425,0.013472001,0.032078847
nucleus_Perimeter,0.08733701,0.12998356,0.048976175,-0.0038362604,-0.008981821,-0.015493257,0.025315365,0.0030045281,0.08475599,0.022694211,-0.023293914,-0.017747909,-0.014557498,0.004959328,0.030357353
nucleus_MajorAxisLength,0.08418587,0.11912797,0.069472946,0.017481524,-0.027440498,-0.02068539,0.033880766,0.038543016,0.08911004,-0.02564824,-0.018990599,-0.03514194,-0.017973714,0.00030991138,0.031260885
nucleus_MinorAxisLength,0.115936615,0.0798472,0.034547504,-0.023748953,0.067810975,-0.015580286,0.049427677,-0.05480918,0.046632014,0.035602923,0.009051626,0.0011698378,-0.0013802232,0.016434263,0.027149513
nucleus_Eccentricity,-0.041598175,0.05223443,0.06139406,0.064795345,-0.11972496,-0.005688444,-0.038571153,0.14061481,0.097832724,-0.13208751,0.029429704,0.062683634,0.0072053117,0.0026454176,0.01753265
nucleus_FormFactor,0.03704966,-0.11627085,0.006426507,0.008765802,0.10045559,-0.00850397,0.04021436,-0.03620163,-0.060359772,-0.064907916,0.064680085,0.02199424,0.016260311,0.02509321,0.007584501
nucleus_Solidity,0.013515313,-0.103785634,-0.017750144,-0.0025486953,0.14212352,0.0024069215,-0.07124236,-0.0014095705,0.08465867,-0.06840915,0.066267334,0.13171759,0.050454628,0.009699894,-0.010878341
nucleus_Compactness,-0.026199216,0.11371832,-0.0029708126,0.0029336682,-0.09400013,0.0030901146,-0.029745284,0.037742086,0.0424744,0.05867146,-0.076785356,-0.054275326,-0.038762618,-0.026252724,-0.0031553693
nucleus_EulerNumber,-0.0026592333,0.056808732,0.0018981968,-0.0051026978,-0.036098573,-0.005990121,0.030150704,-0.010750437,-0.05794959,0.03970612,-0.016411558,-0.05279283,-0.034569543,0.0030822086,0.02357928
nucleus_MaximumRadius,0.11658734,0.06262681,0.03710621,-0.022305474,0.08517483,-0.014447238,0.047907542,-0.05368181,0.03809712,0.019730467,0.017988184,0.004868483,0.003950293,0.021362111,0.035340317
nucleus_MeanRadius,0.116006866,0.061640404,0.044291068,-0.013920059,0.08212467,-0.015472766,0.045639977,-0.040950492,0.049763124,0.00217976,0.029685982,0.01983033,0.0060301768,0.021882344,0.036518246
nucleus_MedianRadius,0.115378484,0.06217249,0.046564158,-0.010136376,0.07993797,-0.016354395,0.044462692,-0.03551464,0.053853963,-0.0036896036,0.03260168,0.025087927,0.007275326,0.02095,0.03608056
nucleus_FilledArea,0.10437329,0.102832474,0.052716848,-0.006849785,0.04039414,-0.018374395,0.03526034,-0.037086416,0.07570506,-0.0037897301,0.023069853,0.0077940146,0.0028018206,0.027738066,0.011814579
nucleus_SpatialMoment_0_0,0.10437806,0.10281523,0.05272263,-0.0068546613,0.040411536,-0.018372143,0.03526421,-0.03709641,0.075694785,-0.0038074807,0.023090465,0.0077990047,0.0028101804,0.027729245,0.011820532
nucleus_CentralMoment_0_0,0.10437806,0.10281523,0.05272263,-0.0068546613,0.040411536,-0.018372143,0.03526421,-0.03709641,0.075694785,-0.0038074807,0.023090465,0.0077990047,0.0028101804,0.027729245,0.011820532
nucleus_HuMoment_0,-0.010395661,0.07959001,0.041504726,0.038456216,-0.10968564,-0.012777593,0.019730413,0.080126286,0.015236244,-0.03127426,-0.07840948,-0.12875772,-0.04520943,-0.030765425,0.00077250786
nucleus_HuMoment_1,-0.008834521,0.056581248,0.035143055,0.03056061,-0.08045297,-0.008650576,0.014202451,0.069935516,0.017256169,-0.034683768,-0.066775605,-0.117254615,-0.03922892,-0.026978837,0.0013797125
nucleus_HuMoment_2,0.0001855064,0.011036003,0.0045290445,0.004300157,-0.015269345,-0.0009548711,0.014489507,-0.00068294036,-0.020934267,0.009877206,-0.011407701,-0.02508511,-0.008373843,-0.004992643,0.0044752364
nucleus_HuMoment_3,9.566033e-05,0.009292922,0.004158732,0.0035841116,-0.013312386,-0.0005542831,0.013407534,-0.00075555587,-0.020586655,0.009448467,-0.0106316,-0.025214065,-0.008046099,-0.0050645913,0.0044731526
nucleus_HuMoment_4,-0.0008932358,0.0044063046,0.0014455377,0.0020731445,-0.007978858,0.0012053,0.009499095,-0.0003246065,-0.013812939,0.00413021,-0.0068275454,-0.014747789,-0.0062900987,-0.0051373364,0.0013666046
nucleus_HuMoment_5,7.2563824e-05,0.007719857,0.0031530543,0.0030804873,-0.010700754,5.803014e-05,0.011419018,-0.0005021947,-0.017058382,0.0072005964,-0.009236529,-0.020699719,-0.0078165615,-0.004279734,0.0035204615
nucleus_HuMoment_6,-0.003563957,-0.002597518,-0.0015701837,5.1695297e-05,-0.004689801,0.003851253,0.006569412,0.00085192925,-0.009745653,-0.0011914122,-0.002617389,-0.0058951005,-0.002489413,-0.009081421,-0.0029323895
nucleus_InertiaTensorEigenvalues_0,0.072963424,0.11582218,0.061242014,0.014564308,-0.02818834,-0.019354274,0.033420768,0.021002812,0.078530006,-0.021413764,-0.023044327,-0.054384526,-0.024061287,0.0089511,0.015043303
nucleus_InertiaTensorEigenvalues_1,0.10721482,0.08956818,0.03860916,-0.018713113,0.06402626,-0.01797707,0.04318144,-0.06832399,0.051626354,0.019729564,0.021003801,0.00018667612,0.0010362193,0.029895397,0.0046293437
nucleus_PerimeterCrofton,0.08698842,0.13035908,0.04878442,-0.0038886014,-0.0093462635,-0.015453295,0.025461081,0.0029369246,0.08403315,0.023188172,-0.023500357,-0.018152667,-0.014841803,0.004886086,0.030563377
nucleus_Zernike_0_0,0.043364823,-0.09310479,-0.058985416,-0.04987752,0.16322185,0.009924406,-0.019906623,-0.08185019,-0.0020176359,0.042832907,0.0006147016,0.024634723,0.0059153214,-0.0012802533,-0.008387804
nucleus_Zernike_1_1,-0.0054611764,0.053434096,-0.014243353,0.00057991093,-0.089208975,-0.010657568,0.06656562,-0.05048316,-0.10733024,0.0815363,0.06680135,0.21201117,0.11746474,0.04435097,0.05745621
nucleus_Zernike_2_0,-0.05217369,-0.03429666,0.0244656,0.01212811,-0.01780488,0.018316014,-0.09180761,0.047338333,0.13966109,-0.108233005,0.11885179,0.17130056,0.044488955,0.03188025,-0.014953919
nucleus_Zernike_2_2,-0.032222956,0.027163273,0.057347953,0.06592368,-0.08135091,-0.0043892562,-0.05869082,0.16109161,0.13073613,-0.16375352,0.029772013,0.058140986,-0.007066804,-0.002218203,0.015600897
nucleus_Zernike_3_1,-0.00454422,0.081827685,0.006100529,0.018120717,-0.10904642,-0.024085576,0.064581394,-0.0122299995,-0.09390999,0.05817944,-0.005985343,0.054010686,0.05112104,0.008690369,0.0074777068
nucleus_Zernike_3_3,-0.002235675,0.03542234,-0.016215334,-0.010743074,-0.05128723,-0.0047481274,0.038007535,-0.061063908,-0.09828636,0.14368503,0.010583062,0.07750462,0.0232586,0.002671649,-0.027839366
nucleus_Zernike_4_0,0.046140566,-0.07154975,-0.0518634,-0.06329149,0.13288273,0.017549329,0.014470639,-0.08473183,-0.03858114,0.07655092,-0.04377801,-0.10489097,-0.042520057,-0.0051856213,0.010523759
nucleus_Zernike_4_2,-0.015177003,0.07579436,0.04712306,0.049372464,-0.10177105,-0.023008961,-0.010430623,0.08998651,0.028247813,-0.068820156,-0.06584807,-0.10473358,-0.01132219,-0.04066976,-0.037124947
nucleus_Zernike_4_4,-0.039311066,0.054603275,0.047142453,0.059922617,-0.09134547,-0.010541326,-0.026902966,0.084523045,0.0652899,-0.076102845,0.009060238,-0.0013007264,0.020170275,-0.010072173,-0.00012782216
nucleus_Zernike_5_1,-0.010001888,0.027517132,-0.0040997043,-0.0019922291,-0.07446384,0.0014394907,0.03421314,-0.028412975,-0.0429619,0.043316614,0.093293205,0.24708603,0.122226335,0.05149999,0.09000343
nucleus_Zernike_5_3,-0.009381996,0.06689565,0.0019982476,0.026367027,-0.09651414,-0.016214048,0.040027823,0.019630427,-0.042413946,0.03952263,0.05178794,0.17618985,0.05206943,0.022204766,0.042843685
nucleus_Zernike_5_5,-0.007698197,0.03006256,-0.015391442,-0.018023979,-0.047244493,-0.013119547,0.026748734,-0.07029237,-0.0886205,0.10976441,0.031808864,0.059164625,0.020168329,-0.00456091,-0.047711644
nucleus_Zernike_6_0,0.032371372,-0.02169763,-0.016307956,-0.013724971,0.08287798,-0.012574179,0.009481301,-0.05824929,-0.037857193,0.03496784,-0.058055736,-0.14494254,-0.027509771,-0.018177377,-0.07231426
nucleus_Zernike_6_2,-0.037234318,-0.021028487,0.041448526,0.026879096,-0.030762946,0.018915312,-0.05788132,0.091962926,0.12614205,-0.13254441,0.0811847,0.096014805,-0.020474385,0.03843296,0.030203562
nucleus_Zernike_6_4,0.0005528065,0.031202167,0.021852765,0.034247253,-0.047135442,0.006580726,0.003670453,0.08151555,0.04565797,-0.048039496,-0.01190722,-0.039091848,-0.057242475,-0.020685174,0.03710265
nucleus_Zernike_6_6,-0.036580183,0.048041366,0.020903233,0.02623933,-0.085742325,0.0014701199,-0.0136155635,0.014681172,0.0061115026,0.0055106385,-0.006803099,-0.010809463,0.016335089,-0.022826454,-0.03423775
nucleus_Zernike_7_1,0.0032237573,0.0110358605,-0.019209243,-0.022207562,-0.030873194,-0.0057561337,0.03707634,-0.06052996,-0.095849566,0.08574951,0.03387776,0.10535458,0.10741114,0.01184689,0.01729203
nucleus_Zernike_7_3,-0.016964024,0.044944737,0.004984018,0.014023084,-0.086215585,-0.015063439,0.018937042,-0.0057955426,-0.05076646,0.058870584,0.028571239,0.13246585,0.061052926,0.02700703,-0.02604873
nucleus_Zernike_7_5,-0.016955212,0.053437274,0.0068333996,0.016157132,-0.095019236,-0.0114300875,0.0025153088,0.006070897,-0.02546,0.03804807,0.0343559,0.12132302,0.030113809,0.0073033855,-0.0061008437
nucleus_Zernike_7_7,-0.015081291,0.020713994,-0.017838167,-0.035305995,-0.034323707,0.005649362,0.02586079,-0.08675076,-0.06692524,0.100508034,0.03170846,0.027741892,0.028341956,-0.001639436,-0.06899092
nucleus_Zernike_8_0,0.0015030085,-0.011486638,0.0079497425,-0.002523944,0.037975654,-0.003261388,-0.007905222,0.036438506,0.023853946,-0.03143102,-0.04359895,-0.11408353,-0.080417305,-0.029047068,-0.025355848
nucleus_Zernike_8_2,0.030019509,-0.036066674,-0.004886488,-0.011397462,0.072241604,0.010694568,-0.0073737176,0.029920982,0.016322423,-0.022895217,-0.061265443,-0.12779267,-0.0686716,-0.016932331,0.01568962
nucleus_Zernike_8_4,-0.036181536,0.04184826,0.047628116,0.056040052,-0.08301436,-0.002312363,-0.0546768,0.08243099,0.09297348,-0.1167827,0.028266529,0.04171753,0.03163524,-0.008975531,-0.027732387
nucleus_Zernike_8_6,-0.021098705,0.028558377,0.022055333,0.043759886,-0.053922914,0.0051152813,-0.036712144,0.081426576,0.09276935,-0.083096854,0.013370304,0.02566351,-0.01243108,-0.0041198814,-0.0030560177
nucleus_Zernike_8_8,-0.030814601,0.02732912,0.004889743,-0.013975677,-0.06332483,0.0014798752,0.0055484967,-0.026662482,-0.028356526,0.034068894,0.0049549565,-0.021134717,0.020970112,-0.026507033,-0.059252515
nucleus_Zernike_9_1,0.0021634307,0.011391913,-0.010631312,-0.009011313,-0.025964862,-0.005538566,0.030592287,-0.040705595,-0.040008616,0.046834204,0.056771465,0.14121197,0.07142381,0.028053073,0.059626922
nucleus_Zernike_9_3,-0.0035331293,0.019389097,-0.008067331,0.006171446,-0.048974898,-0.01000162,0.015300103,-0.027761782,-0.025095556,0.0597991,0.06348837,0.18618372,0.07683078,0.026841931,0.0415854
nucleus_Zernike_9_5,-0.011762491,0.046824384,0.0080230115,0.010187763,-0.08797346,-0.020238081,0.004970991,0.008048362,-0.018818794,0.03623806,0.04281994,0.12515427,0.039676007,-0.023557028,-0.0055311713
nucleus_Zernike_9_7,-0.024473878,0.049450677,-0.00090306555,-0.0029355094,-0.08541814,-0.0017976023,-0.0027992902,-0.021715838,0.009961193,0.049401775,0.03099131,0.07214759,0.03725131,-0.011925427,-0.05289661
nucleus_Zernike_9_9,-0.01607313,0.0017694056,-0.018557936,-0.04389915,-0.017217245,0.009680286,0.010141687,-0.092039846,-0.060302027,0.103375256,-0.00068265456,0.022870375,0.020643119,-0.016741324,-0.07322704
nucleus_MinFeretDiameter,0.11424221,0.087325506,0.03535807,-0.022899467,0.05791788,-0.014929233,0.049996026,-0.05226905,0.047096167,0.035960954,0.0056003416,0.0019683456,-0.0026512402,0.017305953,0.028588824
nucleus_MaxFeretDiameter,0.07935579,0.12642847,0.06926083,0.012649332,-0.040183585,-0.019252466,0.06323277,0.011772844,0.029800085,0.00872,-0.010963457,-0.046540637,-0.018034458,0.012085324,0.040989872
nucleus_Granularity_1,0.038810167,0.0056187594,0.054024175,-0.056669023,-0.045114186,0.021353705,-0.020315444,-0.039885145,0.0148285525,0.030682277,0.07592012,-0.033401884,-0.03665132,0.021944372,-0.12763977
nucleus_Granularity_2,-0.02096367,-0.026693072,-0.008826645,0.024974287,0.037096314,-0.028909821,-0.031728715,0.124452926,-0.097794205,0.014956819,0.10605245,-0.032066092,-0.036041908,-0.059659317,0.038102064
nucleus_Granularity_3,0.016527196,-0.0153209865,0.0011577077,-0.004009158,0.03772665,-0.017944574,0.00019465695,0.036389217,-0.020208975,0.043956533,0.010344609,-0.023134697,0.018174708,-0.04652322,0.009269528
nucleus_Granularity_4,-0.015796673,-0.012474712,0.005456951,0.034048382,0.028116358,0.009990955,-0.03409147,-0.004494412,0.017991383,0.045031976,0.0070566735,-0.015610427,0.0016327441,-0.060124293,-0.023656115
nucleus_Granularity_5,-0.029822249,-0.004400606,0.0047037355,0.04212662,0.01610578,0.012648762,-0.028206158,-0.0034654487,0.010256671,-0.0063525136,0.0027412677,0.014861486,0.0003252841,0.0054746517,-0.080299385
nucleus_Granularity_6,-0.039975237,0.00046201248,0.01909402,0.02849478,0.0033091945,-0.01542679,-0.050573185,-0.0065581705,0.0023707587,-0.023466144,0.020885069,-0.020368263,0.021904036,0.021342749,-0.038666368
nucleus_Granularity_7,-0.04691072,-0.0051482045,0.022640852,0.032961123,-0.0015737115,-0.018563572,-0.042015754,-0.012070405,0.00023175686,-0.004316054,0.03282773,-0.037009373,0.017037755,0.08562603,-0.093228646
nucleus_Granularity_8,-0.054075375,-0.0061269384,0.025576461,0.040075038,0.018530203,-0.032445095,-0.03921833,-0.0046890634,0.020480173,0.018355802,0.027992178,-0.04307347,0.054173704,0.090655394,-0.15673214
nucleus_Granularity_9,-0.05127987,-0.0045400183,-0.0047430433,0.05151338,0.027346011,-0.016224153,-0.026870493,-0.008676789,0.01971004,0.0458342,-0.02649752,-0.017054355,0.06300069,0.0890497,-0.087083936
nucleus_Granularity_10,-0.040889945,-0.0067284903,-0.023674453,0.040440977,0.039041277,-0.012595788,-0.01266205,0.019199677,-0.0066579953,0.045095675,-0.070318356,-0.0030547422,0.03407712,0.06440302,0.038278796
nucleus_Granularity_11,-0.027823202,0.0012717788,-0.030645872,0.029581781,0.038442068,0.0043477826,-0.004055584,0.028918523,-0.02101481,-0.010158054,-0.08539666,0.042742103,-0.0024508676,0.014762014,0.12643503
nucleus_Granularity_12,-0.012318862,0.0029928347,-0.025719242,0.021264855,0.037022118,0.013567752,0.014515269,0.043576296,-0.034720905,-0.025456017,-0.08615287,0.055408414,-0.013019757,-0.081691936,0.18615772
nucleus_Granularity_13,0.007705331,0.0063468134,-0.028993579,0.015176794,0.021952147,0.0047304183,0.031116191,0.06999831,-0.034850623,-0.04702557,-0.087677926,0.08119023,-0.002050325,-0.1088727,0.16192238
nucleus_Granularity_14,0.017209457,0.008237797,-0.025312793,0.012006953,0.018243909,0.0073259976,0.028118676,0.05012299,-0.03368903,-0.07601338,-0.046642188,0.065187305,-0.028180616,-0.13458337,0.14444366
nucleus_Granularity_15,0.024738636,0.0048345407,-0.028874038,0.0035218638,0.022088604,0.002547407,0.022075996,0.026358075,-0.022700341,-0.05076215,-0.057090927,0.039398063,-0.02391382,-0.12761113,0.10215732
nucleus_Granularity_16,0.02507387,0.00803507,-0.016620636,-0.0028234727,0.0075030937,0.016719198,0.012150581,0.0022449356,-0.011932359,-0.052963935,-0.040713716,0.023373893,-0.010142038,-0.08158079,0.051968798
cell_nucleus_Correlation_Costes_1,0.0035138996,-0.013598483,0.012602379,0.100738354,0.03238277,0.006738079,-0.007849785,0.01972946,0.0009760036,0.06495593,-0.024707995,-0.0084294565,-0.0013917563,-0.071600825,-0.0019075945
cell_nucleus_Correlation_Costes_2,0.0031272487,-0.00023433857,0.0055897515,0.027458347,0.013002115,0.0017233414,-0.017491316,0.019624371,-0.01776343,0.026352726,-0.019116838,0.0040594726,0.011107953,-0.005567255,-0.005411037
cell_nucleus_Correlation_Pearson,0.008436311,-0.029609991,0.009831997,0.20928478,0.061954256,-0.0019444796,0.013293423,-0.0011674444,0.043726183,0.08285167,-0.011319384,-0.012395155,0.029930681,0.0038638394,0.004380052
cell_nucleus_Correlation_Slope,-0.0007080562,-0.04779013,0.009560977,0.19712842,0.04098764,-0.0086903935,0.083136134,-0.028295062,0.07996642,0.0654847,0.01317008,-0.012605522,0.01718574,-0.006232664,-0.004717167
cell_nucleus_Correlation_Manders_1,-0.02652012,-0.022841595,-0.041007917,0.04187778,-0.01407594,-0.02529764,0.12467724,0.01822177,0.23074305,0.13473602,0.032058552,-0.053816646,0.06146255,0.06527429,0.027492234
cell_nucleus_Correlation_Manders_2,-0.00084410905,0.007126628,-0.00071128213,0.012582339,0.022569902,-0.0008185011,0.008796397,-0.004778598,0.0023958592,-0.0027998665,-0.018541403,0.008722271,0.0035949063,-0.027676119,0.016204258
cell_nucleus_Correlation_RWC_1,-0.014490011,-0.023782056,-0.04047494,0.0069565903,-0.038081814,-0.023549376,0.10197857,0.038427163,0.22844955,0.14995915,0.055279613,-0.06405124,0.051664766,0.06388747,0.028785452
cell_nucleus_Correlation_RWC_2,0.04824251,-0.0031518014,0.0017962628,-0.13484305,-0.09494149,0.005999314,-0.08771156,0.07358386,-0.0007977661,0.06612827,0.09372729,-0.040986344,-0.039064918,-0.0031681503,-0.0001901798
cell_nucleoli_Correlation_Costes_1,0.006680016,-0.013034785,0.015155604,0.07570772,0.024671013,-0.0015786021,0.0040691867,0.021054165,-0.0013797727,0.052223526,0.0022380645,-0.006895499,-0.011258961,-0.075325646,-0.004758254
cell_nucleoli_Correlation_Pearson,0.025437277,-0.038835462,0.006654422,0.16641782,0.08684771,-0.055252023,0.096278176,0.09137404,-0.019254442,0.038999114,0.11370299,-0.028957572,-0.00067637867,-0.030288164,-0.002290951
cell_nucleoli_Correlation_Slope,0.018280843,-0.049902428,-0.0029668296,0.13849513,0.06667708,-0.063873835,0.15898326,0.08301558,0.02746473,0.04637756,0.113326155,-0.029837074,0.004231246,-0.032158457,-0.0038971603
cell_nucleoli_Correlation_Manders_1,0.019523015,-0.0151526425,-0.044105455,0.026562097,0.062588185,-0.08432641,0.16858773,0.17108536,0.11959483,0.13668446,0.047095437,-0.045024313,0.10098768,0.04333844,0.021905089
cell_nucleoli_Correlation_RWC_1,0.034411814,-0.012627379,-0.040899266,-0.010139776,0.04525717,-0.08001888,0.14911239,0.18125156,0.124867454,0.15185478,0.04975386,-0.04892529,0.100621894,0.034360323,0.032254063
cell_nucleoli_Correlation_RWC_2,0.07035775,0.0051422073,0.003525695,-0.15762575,-0.06370075,-0.0007667692,-0.046122413,0.07819359,0.042440157,0.097516604,0.015173001,-0.027407557,0.01630646,-0.0329534,0.042362995
cell_lipid_Correlation_Pearson,-0.020272119,0.05166336,-0.050977673,-0.16932236,0.008665584,-0.0060157147,-0.09713252,0.11507871,-0.010097247,0.04912822,-0.04190759,-0.012947099,0.0164161,-0.009198273,0.02620617
cell_lipid_Correlation_Slope,-0.03332996,0.057233326,-0.054597847,-0.17796755,0.009328851,-0.008013234,-0.060472738,0.09551782,6.2780826e-05,0.02593064,-0.029096114,-0.00823044,0.007243505,-0.014902323,0.017248292
cell_lipid_Correlation_Manders_1,-0.033192992,0.08715693,-0.057553,-0.16258155,0.023077872,-0.0013797631,-0.08407043,0.087312125,-0.016057145,0.014398771,-0.041306842,0.0036515247,0.025012158,0.030119948,0.0018298663
cell_lipid_Correlation_Manders_2,-0.011373444,-0.0044908454,-0.0052313716,-0.006215629,-0.004763261,0.0023413475,0.004158433,0.008445874,0.00075814145,0.0026676944,-0.0045215837,0.0039070193,-0.0048637795,-0.004074735,0.0065570353
cell_lipid_Correlation_RWC_1,-0.024989417,0.08683357,-0.054477043,-0.16874081,0.018191755,0.0011302526,-0.08490616,0.084586374,-0.015645724,0.016290866,-0.037062567,0.0012941097,0.023695031,0.029299129,0.0018289089
cell_lipid_Correlation_RWC_2,0.049654286,0.05300581,-0.002631495,-0.13423292,-0.016509153,0.014478285,-0.06744458,0.046153754,0.0074860384,0.06665274,0.02781405,-0.019236606,-0.0072838864,-0.04005522,0.040822208
nucleus_nucleoli_Correlation_Pearson,0.050733775,0.0037883653,-0.01454791,0.015775103,0.10578612,-0.09047763,0.0814548,0.2129247,-0.08455813,0.03251426,0.09127593,-0.024354767,0.045356996,-0.008681923,0.005440749
nucleus_nucleoli_Correlation_Slope,0.046530355,0.0004704663,-0.021988396,0.011200877,0.10260155,-0.09669627,0.1092029,0.21790443,-0.05227121,0.047630172,0.093610056,-0.026728572,0.05199723,-0.003927044,0.004667364
nucleus_nucleoli_Correlation_Manders_1,0.044389337,0.0005174075,-0.027720768,0.0041506193,0.095075905,-0.091563344,0.121457055,0.20732455,-0.011532663,0.075757325,0.04099594,-0.02088719,0.08183403,0.008018032,0.012059689
nucleus_nucleoli_Correlation_RWC_1,0.055381168,0.011336323,-0.022772094,-0.014416769,0.088742994,-0.07758545,0.1101604,0.1883628,0.019969087,0.1026368,0.030121189,-0.022800418,0.088677675,-0.013675393,0.032238193
nucleus_nucleoli_Correlation_RWC_2,0.05189319,0.03644318,0.004990874,-0.06660254,0.0071089496,0.014432263,0.0017150779,0.020021154,0.10812456,0.13212374,-0.030352755,-0.017949456,0.0569307,-0.07555534,0.08449604
nucleus_lipid_Correlation_Costes_1,-0.06511511,0.059128225,-0.030027248,0.026272161,0.029111532,0.04435039,-0.12501648,-0.027831938,0.050837025,0.12852013,0.033684373,-0.015187833,-0.022949973,-0.096251234,0.06938355
nucleus_lipid_Correlation_Costes_2,-0.040522926,0.0069686435,-0.009500435,0.10277544,0.0119429175,0.03612148,-0.04831232,-0.06670583,0.1169932,0.13387798,0.039150607,-0.024952281,-0.0079461485,-0.05071333,0.061067197
nucleus_lipid_Correlation_Pearson,0.006346882,-0.022873359,0.030759266,0.17539747,0.010320584,0.049525622,-0.12947647,-0.06361894,0.0055004684,0.11629876,0.0068648057,-0.0045909816,-0.026346425,-0.084186904,0.047968145
nucleus_lipid_Correlation_Slope,0.011926109,-0.04350328,0.038352415,0.19208719,0.0058882516,0.034809217,-0.05650602,-0.06769307,0.022592446,0.09655644,0.022874335,-0.009764433,-0.029776921,-0.08347819,0.03724669
nucleus_lipid_Correlation_Manders_1,-0.069036044,0.06655482,-0.041874614,0.004573942,0.022632392,0.048800927,-0.13813758,-0.01619733,0.07960715,0.15648644,0.015908452,-0.020421732,-0.020020971,-0.08697017,0.07343048
nucleus_lipid_Correlation_Manders_2,-0.051406227,0.013267005,-0.01702754,0.098875955,0.0074512176,0.04364213,-0.06121355,-0.06782144,0.14665653,0.16911203,0.03333858,-0.029699363,-0.004846098,-0.063363925,0.0679076
nucleus_lipid_Correlation_RWC_1,-0.069256544,0.066232815,-0.041538566,0.0064114165,0.021427294,0.04841777,-0.13686025,-0.014853418,0.081343345,0.1561316,0.018861515,-0.021784136,-0.020945149,-0.08542457,0.07302589
nucleus_lipid_Correlation_RWC_2,-0.052309286,0.014778986,-0.016999096,0.098108485,0.0072171185,0.043295484,-0.06335341,-0.06455783,0.14856781,0.17025311,0.035886202,-0.031378105,-0.0057878,-0.06421104,0.07045014
nucleoli_lipid_Correlation_Pearson,0.043790773,-0.05973177,0.0651404,0.14542346,-0.035318952,0.04008328,-0.08494581,-0.103909366,-0.089849494,-0.053021405,-0.0123336585,0.019742081,-0.057426535,-0.028068421,-0.020338345
nucleoli_lipid_Correlation_Slope,0.0431961,-0.07505735,0.057597972,0.1799361,-0.004210451,0.0038444407,0.027223522,-0.05473855,-0.02114917,0.00073465245,0.035021987,-0.005224652,-0.026164765,-0.033492345,-0.005252566
cell_AngularSecondMoment_3_mean_256,0.09819,-0.023019109,0.013165465,0.04507884,-0.03830729,-0.007518676,-0.090493694,0.049893048,-0.01636116,0.0666931,-0.013871352,-0.016768998,0.030538198,0.033704717,-0.0092643425
cell_Contrast_3_mean_256,-0.037426595,0.07559584,-0.053314544,-0.1767644,0.010190511,-0.0034623528,-0.05053408,0.0600139,-0.0048331413,0.0042366832,0.013393155,-0.0007248332,0.009395173,-0.018331558,-0.005963374
cell_Correlation_3_mean_256,-0.033417948,0.02088025,0.0053737895,0.14875601,0.06731765,0.0021141386,-0.018201271,-0.026115004,-0.045330238,-0.04952687,-0.10558885,0.017182292,0.059561733,0.17277941,-0.0098159835
cell_Variance_3_mean_256,-0.065793395,0.10163323,-0.057342604,-0.10668435,0.05605374,-0.0024290823,-0.072959244,0.05539264,-0.035512734,-0.020050757,-0.053945888,0.01116679,0.046422675,0.08491508,-0.007899772
cell_InverseDifferenceMoment_3_mean_256,0.10047458,-0.04886261,0.022190573,0.07775595,-0.035778813,-0.013657266,-0.07416247,0.071871854,-0.0034772055,0.09134568,-0.073677056,-0.013260885,0.055596497,0.0926621,0.016187072
cell_SumAverage_3_mean_256,-0.107807264,0.067253195,-0.03798045,-0.05711449,0.046242237,-0.01417309,0.119998105,-0.045891467,0.036358718,-0.07449256,0.024776503,0.011982956,-0.008630572,-0.00756681,-0.025399901
cell_SumVariance_3_mean_256,-0.067967124,0.10222901,-0.056022476,-0.092178285,0.061275836,-0.0021861335,-0.07396689,0.052795146,-0.039073307,-0.023143059,-0.06257545,0.012635039,0.050599076,0.09807147,-0.0079325065
cell_SumEntropy_3_mean_256,-0.10397539,0.09010501,-0.039877985,-0.05507796,0.07601847,-0.001461753,0.0123319365,0.0035539144,-0.005659046,-0.049252708,-0.035455666,0.019467872,0.0213795,0.050360046,-0.0019840896
cell_Entropy_3_mean_256,-0.101727344,0.087254606,-0.02961375,-0.0753437,0.06757432,0.0032917873,0.03819089,-0.022295032,-0.004325485,-0.07169702,0.013892447,0.020238986,-0.012777884,-0.013358111,-0.0045919865
cell_DifferenceVariance_3_mean_256,0.080106094,-0.07728961,0.028402505,0.122144505,-0.042404648,-0.008558024,-0.014325065,0.0106527135,-0.0005687028,0.04360442,-0.059306126,-8.748519e-05,0.032597948,0.07976005,-0.009309322
cell_DifferenceEntropy_3_mean_256,-0.079437606,0.0821881,-0.03798284,-0.14472458,0.033468924,0.0055411393,0.004197581,-0.003729619,-0.0031322814,-0.047443144,0.056978993,0.005483248,-0.029090371,-0.061775427,-0.00942497
cell_InfoMeas1_3_mean_256,0.04163617,-0.026419394,0.04056084,-0.07477102,-0.04820359,0.015735246,0.058886006,-0.065778285,-0.0075418046,-0.058901064,0.17257217,-0.00021362948,-0.12173743,-0.22664869,-0.007093046
cell_InfoMeas2_3_mean_256,-0.06387109,0.045177218,-0.04515017,0.049318507,0.05953806,-0.011630151,-0.042102184,0.05709009,0.0049212305,0.033927415,-0.1586807,0.005103385,0.10716514,0.19748855,0.008181296
nucleus_AngularSecondMoment_3_mean_256,0.08337908,-0.07662605,0.017035015,-0.048964243,-0.046443816,-0.054183748,0.008346058,0.07728387,-0.035243306,0.013724296,-0.07474249,-0.00064358715,0.04529761,0.043888092,-0.012274243
nucleus_Contrast_3_mean_256,-0.08318364,0.077173755,-0.045509174,-0.0061346954,0.02898535,0.0474431,-0.13022521,-0.017551871,0.043604866,0.1179272,0.04356788,-0.026197614,-0.022965657,-0.09660712,0.040208407
nucleus_Correlation_3_mean_256,0.04290354,0.007791559,0.026006252,0.07687455,0.08401808,-0.0630899,0.045796786,0.09361232,-0.15044345,-0.11050424,0.12976119,0.0118194595,-0.048859272,0.05968007,-0.04967286
nucleus_Variance_3_mean_256,-0.067446604,0.09163688,-0.030013697,0.045809165,0.09037083,0.012364047,-0.110078774,0.038598392,-0.06557403,0.03672297,0.14442888,-0.021882247,-0.06072849,-0.0640496,0.011685677
nucleus_InverseDifferenceMoment_3_mean_256,0.09176293,-0.070365764,0.030282693,-0.028745312,-0.040881153,-0.05278022,0.020066734,0.09472118,-0.023372104,0.023113254,-0.055988036,0.005382624,0.045507308,0.08198243,0.002352059
nucleus_SumAverage_3_mean_256,-0.09536956,0.07806246,-0.034418587,0.077689715,0.11291961,-0.0076313694,0.051757354,-0.030361084,0.0035913542,-0.030541772,-0.020513015,0.009560113,0.024218151,0.015536543,-0.024390787
nucleus_SumVariance_3_mean_256,-0.060533646,0.089368224,-0.02524968,0.05356141,0.097498454,0.004698569,-0.09989683,0.04759128,-0.08359175,0.01852351,0.15636791,-0.019796502,-0.06482508,-0.05398443,0.0053612664
nucleus_SumEntropy_3_mean_256,-0.07793587,0.09491096,-0.019334797,0.075663544,0.0828118,0.0289914,-0.0488837,-0.01286347,-0.0148567455,0.011820307,0.13294493,-0.010547566,-0.058953483,-0.032529596,0.007618293
nucleus_Entropy_3_mean_256,-0.08377054,0.09445685,-0.021364965,0.06437018,0.07132262,0.040918775,-0.036552195,-0.045797125,0.008895763,0.0021364503,0.10841917,-0.009233399,-0.05610934,-0.056819275,0.011605568
nucleus_DifferenceVariance_3_mean_256,0.08346325,-0.09114794,0.037456382,0.022623183,-0.045673322,-0.04472775,0.06618073,0.023462577,-0.049850088,-0.052052468,-0.027491009,0.017581267,-0.0006528236,0.07259823,-0.03766132
nucleus_DifferenceEntropy_3_mean_256,-0.09724421,0.07933366,-0.037070047,0.03135702,0.045979142,0.051035352,-0.07733297,-0.0489975,0.021732172,0.039685134,0.07327788,-0.017110744,-0.041109093,-0.09603817,0.018086292
nucleus_InfoMeas1_3_mean_256,0.019182852,-0.038903486,0.008819932,-0.0641029,-0.07656033,0.03869495,0.053226367,-0.10646191,0.10420423,-0.021610934,-0.14213341,0.011312827,0.03154873,-0.077487424,0.030496564
nucleus_InfoMeas2_3_mean_256,-0.03421328,0.057230923,-0.012197049,0.069053955,0.0869811,-0.02934481,-0.054752275,0.093026645,-0.09010104,0.02286075,0.15511048,-0.0138741005,-0.04017171,0.051434793,-0.022617154
